file,line,type,commit,author,date,time,timezone,datetime,depth,length
static\global.js,1,js,73b8841,maurodiaz7,2025-03-20,10:36:37,-03:00,2025-03-20T10:36:37-03:00,0,22
static\global.js,2,js,73b8841,maurodiaz7,2025-03-20,10:36:37,-03:00,2025-03-20T10:36:37-03:00,0,0
static\global.js,3,js,73b8841,maurodiaz7,2025-03-20,10:36:37,-03:00,2025-03-20T10:36:37-03:00,0,45
static\global.js,4,js,73b8841,maurodiaz7,2025-03-20,10:36:37,-03:00,2025-03-20T10:36:37-03:00,0,52
static\global.js,5,js,73b8841,maurodiaz7,2025-03-20,10:36:37,-03:00,2025-03-20T10:36:37-03:00,0,0
static\global.js,6,js,73b8841,maurodiaz7,2025-03-20,10:36:37,-03:00,2025-03-20T10:36:37-03:00,0,0
static\global.js,7,js,73b8841,maurodiaz7,2025-03-20,10:36:37,-03:00,2025-03-20T10:36:37-03:00,0,25
static\global.js,8,js,73b8841,maurodiaz7,2025-03-20,10:36:37,-03:00,2025-03-20T10:36:37-03:00,0,0
static\global.js,9,js,73b8841,maurodiaz7,2025-03-20,10:36:37,-03:00,2025-03-20T10:36:37-03:00,0,30
static\global.js,10,js,73b8841,maurodiaz7,2025-03-20,10:36:37,-03:00,2025-03-20T10:36:37-03:00,2,63
static\global.js,11,js,73b8841,maurodiaz7,2025-03-20,10:36:37,-03:00,2025-03-20T10:36:37-03:00,0,0
static\global.js,12,js,73b8841,maurodiaz7,2025-03-20,10:36:37,-03:00,2025-03-20T10:36:37-03:00,0,0
static\global.js,13,js,73b8841,maurodiaz7,2025-03-20,10:36:37,-03:00,2025-03-20T10:36:37-03:00,0,53
static\global.js,14,js,73b8841,maurodiaz7,2025-03-20,10:36:37,-03:00,2025-03-20T10:36:37-03:00,0,35
static\global.js,15,js,73b8841,maurodiaz7,2025-03-20,10:36:37,-03:00,2025-03-20T10:36:37-03:00,0,2
static\global.js,16,js,73b8841,maurodiaz7,2025-03-20,10:36:37,-03:00,2025-03-20T10:36:37-03:00,0,0
static\global.js,17,js,73b8841,maurodiaz7,2025-03-20,10:36:37,-03:00,2025-03-20T10:36:37-03:00,0,73
static\global.js,18,js,73b8841,maurodiaz7,2025-03-20,10:36:37,-03:00,2025-03-20T10:36:37-03:00,0,0
static\global.js,19,js,73b8841,maurodiaz7,2025-03-20,10:36:37,-03:00,2025-03-20T10:36:37-03:00,0,11
static\global.js,20,js,73b8841,maurodiaz7,2025-03-20,10:36:37,-03:00,2025-03-20T10:36:37-03:00,0,24
static\global.js,21,js,73b8841,maurodiaz7,2025-03-20,10:36:37,-03:00,2025-03-20T10:36:37-03:00,0,35
static\global.js,22,js,73b8841,maurodiaz7,2025-03-20,10:36:37,-03:00,2025-03-20T10:36:37-03:00,0,33
static\global.js,23,js,73b8841,maurodiaz7,2025-03-20,10:36:37,-03:00,2025-03-20T10:36:37-03:00,2,31
static\global.js,24,js,73b8841,maurodiaz7,2025-03-20,10:36:37,-03:00,2025-03-20T10:36:37-03:00,2,55
static\global.js,25,js,73b8841,maurodiaz7,2025-03-20,10:36:37,-03:00,2025-03-20T10:36:37-03:00,0,0
static\global.js,26,js,73b8841,maurodiaz7,2025-03-20,10:36:37,-03:00,2025-03-20T10:36:37-03:00,0,0
static\global.js,27,js,73b8841,maurodiaz7,2025-03-20,10:36:37,-03:00,2025-03-20T10:36:37-03:00,0,38
static\global.js,28,js,73b8841,maurodiaz7,2025-03-20,10:36:37,-03:00,2025-03-20T10:36:37-03:00,0,25
static\global.js,29,js,73b8841,maurodiaz7,2025-03-20,10:36:37,-03:00,2025-03-20T10:36:37-03:00,0,0
static\global.js,30,js,73b8841,maurodiaz7,2025-03-20,10:36:37,-03:00,2025-03-20T10:36:37-03:00,0,20
static\global.js,31,js,73b8841,maurodiaz7,2025-03-20,10:36:37,-03:00,2025-03-20T10:36:37-03:00,0,14
static\global.js,32,js,73b8841,maurodiaz7,2025-03-20,10:36:37,-03:00,2025-03-20T10:36:37-03:00,0,18
static\global.js,33,js,73b8841,maurodiaz7,2025-03-20,10:36:37,-03:00,2025-03-20T10:36:37-03:00,0,0
static\global.js,34,js,73b8841,maurodiaz7,2025-03-20,10:36:37,-03:00,2025-03-20T10:36:37-03:00,0,46
static\global.js,35,js,73b8841,maurodiaz7,2025-03-20,10:36:37,-03:00,2025-03-20T10:36:37-03:00,0,16
static\global.js,36,js,73b8841,maurodiaz7,2025-03-20,10:36:37,-03:00,2025-03-20T10:36:37-03:00,0,1
static\global.js,37,js,73b8841,maurodiaz7,2025-03-20,10:36:37,-03:00,2025-03-20T10:36:37-03:00,0,0
static\global.js,38,js,73b8841,maurodiaz7,2025-03-20,10:36:37,-03:00,2025-03-20T10:36:37-03:00,0,34
static\global.js,39,js,73b8841,maurodiaz7,2025-03-20,10:36:37,-03:00,2025-03-20T10:36:37-03:00,0,11
static\global.js,40,js,73b8841,maurodiaz7,2025-03-20,10:36:37,-03:00,2025-03-20T10:36:37-03:00,0,20
static\global.js,41,js,73b8841,maurodiaz7,2025-03-20,10:36:37,-03:00,2025-03-20T10:36:37-03:00,0,0
static\global.js,42,js,73b8841,maurodiaz7,2025-03-20,10:36:37,-03:00,2025-03-20T10:36:37-03:00,0,65
static\global.js,43,js,73b8841,maurodiaz7,2025-03-20,10:36:37,-03:00,2025-03-20T10:36:37-03:00,0,25
static\global.js,44,js,73b8841,maurodiaz7,2025-03-20,10:36:37,-03:00,2025-03-20T10:36:37-03:00,0,0
static\global.js,45,js,73b8841,maurodiaz7,2025-03-20,10:36:37,-03:00,2025-03-20T10:36:37-03:00,0,0
static\global.js,46,js,73b8841,maurodiaz7,2025-03-20,10:36:37,-03:00,2025-03-20T10:36:37-03:00,0,28
static\global.js,47,js,73b8841,maurodiaz7,2025-03-20,10:36:37,-03:00,2025-03-20T10:36:37-03:00,0,18
static\global.js,48,js,73b8841,maurodiaz7,2025-03-20,10:36:37,-03:00,2025-03-20T10:36:37-03:00,0,0
static\global.js,49,js,73b8841,maurodiaz7,2025-03-20,10:36:37,-03:00,2025-03-20T10:36:37-03:00,0,0
static\global.js,50,js,73b8841,maurodiaz7,2025-03-20,10:36:37,-03:00,2025-03-20T10:36:37-03:00,0,12
static\global.js,51,js,73b8841,maurodiaz7,2025-03-20,10:36:37,-03:00,2025-03-20T10:36:37-03:00,0,0
static\global.js,52,js,73b8841,maurodiaz7,2025-03-20,10:36:37,-03:00,2025-03-20T10:36:37-03:00,0,0
static\global.js,53,js,73b8841,maurodiaz7,2025-03-20,10:36:37,-03:00,2025-03-20T10:36:37-03:00,0,0
static\global.js,54,js,73b8841,maurodiaz7,2025-03-20,10:36:37,-03:00,2025-03-20T10:36:37-03:00,0,46
static\global.js,55,js,73b8841,maurodiaz7,2025-03-20,10:36:37,-03:00,2025-03-20T10:36:37-03:00,2,26
static\global.js,56,js,73b8841,maurodiaz7,2025-03-20,10:36:37,-03:00,2025-03-20T10:36:37-03:00,4,4
static\global.js,57,js,73b8841,maurodiaz7,2025-03-20,10:36:37,-03:00,2025-03-20T10:36:37-03:00,4,6
static\global.js,58,js,73b8841,maurodiaz7,2025-03-20,10:36:37,-03:00,2025-03-20T10:36:37-03:00,6,45
static\global.js,59,js,73b8841,maurodiaz7,2025-03-20,10:36:37,-03:00,2025-03-20T10:36:37-03:00,0,36
static\global.js,60,js,73b8841,maurodiaz7,2025-03-20,10:36:37,-03:00,2025-03-20T10:36:37-03:00,0,34
static\global.js,61,js,73b8841,maurodiaz7,2025-03-20,10:36:37,-03:00,2025-03-20T10:36:37-03:00,4,7
static\global.js,62,js,73b8841,maurodiaz7,2025-03-20,10:36:37,-03:00,2025-03-20T10:36:37-03:00,2,7
static\global.js,63,js,73b8841,maurodiaz7,2025-03-20,10:36:37,-03:00,2025-03-20T10:36:37-03:00,0,0
static\global.js,64,js,73b8841,maurodiaz7,2025-03-20,10:36:37,-03:00,2025-03-20T10:36:37-03:00,0,0
static\global.js,65,js,73b8841,maurodiaz7,2025-03-20,10:36:37,-03:00,2025-03-20T10:36:37-03:00,0,44
static\global.js,66,js,73b8841,maurodiaz7,2025-03-20,10:36:37,-03:00,2025-03-20T10:36:37-03:00,0,0
static\global.js,67,js,73b8841,maurodiaz7,2025-03-20,10:36:37,-03:00,2025-03-20T10:36:37-03:00,0,0
static\global.js,68,js,73b8841,maurodiaz7,2025-03-20,10:36:37,-03:00,2025-03-20T10:36:37-03:00,0,49
static\global.js,69,js,73b8841,maurodiaz7,2025-03-20,10:36:37,-03:00,2025-03-20T10:36:37-03:00,2,77
static\global.js,70,js,73b8841,maurodiaz7,2025-03-20,10:36:37,-03:00,2025-03-20T10:36:37-03:00,0,0
static\global.js,71,js,73b8841,maurodiaz7,2025-03-20,10:36:37,-03:00,2025-03-20T10:36:37-03:00,0,44
static\global.js,72,js,73b8841,maurodiaz7,2025-03-20,10:36:37,-03:00,2025-03-20T10:36:37-03:00,0,1
static\global.js,73,js,73b8841,maurodiaz7,2025-03-20,10:36:37,-03:00,2025-03-20T10:36:37-03:00,0,0
static\global.js,74,js,73b8841,maurodiaz7,2025-03-20,10:36:37,-03:00,2025-03-20T10:36:37-03:00,0,0
static\global.js,75,js,73b8841,maurodiaz7,2025-03-20,10:36:37,-03:00,2025-03-20T10:36:37-03:00,0,29
static\global.js,76,js,73b8841,maurodiaz7,2025-03-20,10:36:37,-03:00,2025-03-20T10:36:37-03:00,2,83
static\global.js,77,js,73b8841,maurodiaz7,2025-03-20,10:36:37,-03:00,2025-03-20T10:36:37-03:00,2,38
static\global.js,78,js,73b8841,maurodiaz7,2025-03-20,10:36:37,-03:00,2025-03-20T10:36:37-03:00,0,0
src\style.css,1,css,73b8841,maurodiaz7,2025-03-20,10:36:37,-03:00,2025-03-20T10:36:37-03:00,0,5
src\style.css,2,css,73b8841,maurodiaz7,2025-03-20,10:36:37,-03:00,2025-03-20T10:36:37-03:00,2,31
src\style.css,3,css,73b8841,maurodiaz7,2025-03-20,10:36:37,-03:00,2025-03-20T10:36:37-03:00,2,31
src\style.css,4,css,73b8841,maurodiaz7,2025-03-20,10:36:37,-03:00,2025-03-20T10:36:37-03:00,0,32
src\style.css,5,css,73b8841,maurodiaz7,2025-03-20,10:36:37,-03:00,2025-03-20T10:36:37-03:00,0,47
src\style.css,6,css,73b8841,maurodiaz7,2025-03-20,10:36:37,-03:00,2025-03-20T10:36:37-03:00,0,0
src\style.css,7,css,73b8841,maurodiaz7,2025-03-20,10:36:37,-03:00,2025-03-20T10:36:37-03:00,0,0
src\style.css,8,css,73b8841,maurodiaz7,2025-03-20,10:36:37,-03:00,2025-03-20T10:36:37-03:00,0,3
src\style.css,9,css,73b8841,maurodiaz7,2025-03-20,10:36:37,-03:00,2025-03-20T10:36:37-03:00,0,23
src\style.css,10,css,73b8841,maurodiaz7,2025-03-20,10:36:37,-03:00,2025-03-20T10:36:37-03:00,0,0
src\style.css,11,css,73b8841,maurodiaz7,2025-03-20,10:36:37,-03:00,2025-03-20T10:36:37-03:00,0,4
src\style.css,12,css,73b8841,maurodiaz7,2025-03-20,10:36:37,-03:00,2025-03-20T10:36:37-03:00,2,40
src\style.css,13,css,73b8841,maurodiaz7,2025-03-20,10:36:37,-03:00,2025-03-20T10:36:37-03:00,2,28
src\style.css,14,css,73b8841,maurodiaz7,2025-03-20,10:36:37,-03:00,2025-03-20T10:36:37-03:00,2,31
src\style.css,15,css,73b8841,maurodiaz7,2025-03-20,10:36:37,-03:00,2025-03-20T10:36:37-03:00,0,24
src\style.css,16,css,73b8841,maurodiaz7,2025-03-20,10:36:37,-03:00,2025-03-20T10:36:37-03:00,0,0
src\style.css,17,css,73b8841,maurodiaz7,2025-03-20,10:36:37,-03:00,2025-03-20T10:36:37-03:00,0,0
src\style.css,18,css,73b8841,maurodiaz7,2025-03-20,10:36:37,-03:00,2025-03-20T10:36:37-03:00,0,5
src\style.css,19,css,73b8841,maurodiaz7,2025-03-20,10:36:37,-03:00,2025-03-20T10:36:37-03:00,0,6
src\style.css,20,css,73b8841,maurodiaz7,2025-03-20,10:36:37,-03:00,2025-03-20T10:36:37-03:00,0,31
src\style.css,21,css,73b8841,maurodiaz7,2025-03-20,10:36:37,-03:00,2025-03-20T10:36:37-03:00,0,0
src\style.css,22,css,73b8841,maurodiaz7,2025-03-20,10:36:37,-03:00,2025-03-20T10:36:37-03:00,0,0
src\style.css,23,css,73b8841,maurodiaz7,2025-03-20,10:36:37,-03:00,2025-03-20T10:36:37-03:00,0,3
src\style.css,24,css,73b8841,maurodiaz7,2025-03-20,10:36:37,-03:00,2025-03-20T10:36:37-03:00,0,39
src\style.css,25,css,73b8841,maurodiaz7,2025-03-20,10:36:37,-03:00,2025-03-20T10:36:37-03:00,0,0
src\style.css,26,css,73b8841,maurodiaz7,2025-03-20,10:36:37,-03:00,2025-03-20T10:36:37-03:00,0,32
src\style.css,27,css,73b8841,maurodiaz7,2025-03-20,10:36:37,-03:00,2025-03-20T10:36:37-03:00,0,37
src\style.css,28,css,73b8841,maurodiaz7,2025-03-20,10:36:37,-03:00,2025-03-20T10:36:37-03:00,0,42
src\style.css,29,css,73b8841,maurodiaz7,2025-03-20,10:36:37,-03:00,2025-03-20T10:36:37-03:00,0,44
src\style.css,30,css,73b8841,maurodiaz7,2025-03-20,10:36:37,-03:00,2025-03-20T10:36:37-03:00,0,0
src\style.css,31,css,73b8841,maurodiaz7,2025-03-20,10:36:37,-03:00,2025-03-20T10:36:37-03:00,0,39
src\style.css,32,css,73b8841,maurodiaz7,2025-03-20,10:36:37,-03:00,2025-03-20T10:36:37-03:00,0,0
src\style.css,33,css,73b8841,maurodiaz7,2025-03-20,10:36:37,-03:00,2025-03-20T10:36:37-03:00,0,0
src\style.css,34,css,73b8841,maurodiaz7,2025-03-20,10:36:37,-03:00,2025-03-20T10:36:37-03:00,0,5
src\style.css,35,css,73b8841,maurodiaz7,2025-03-20,10:36:37,-03:00,2025-03-20T10:36:37-03:00,0,25
src\style.css,36,css,73b8841,maurodiaz7,2025-03-20,10:36:37,-03:00,2025-03-20T10:36:37-03:00,0,39
src\style.css,37,css,73b8841,maurodiaz7,2025-03-20,10:36:37,-03:00,2025-03-20T10:36:37-03:00,0,33
src\style.css,38,css,73b8841,maurodiaz7,2025-03-20,10:36:37,-03:00,2025-03-20T10:36:37-03:00,0,37
src\style.css,39,css,73b8841,maurodiaz7,2025-03-20,10:36:37,-03:00,2025-03-20T10:36:37-03:00,0,33
src\style.css,40,css,73b8841,maurodiaz7,2025-03-20,10:36:37,-03:00,2025-03-20T10:36:37-03:00,0,0
src\style.css,41,css,73b8841,maurodiaz7,2025-03-20,10:36:37,-03:00,2025-03-20T10:36:37-03:00,0,0
src\style.css,42,css,73b8841,maurodiaz7,2025-03-20,10:36:37,-03:00,2025-03-20T10:36:37-03:00,0,13
src\style.css,43,css,73b8841,maurodiaz7,2025-03-20,10:36:37,-03:00,2025-03-20T10:36:37-03:00,0,42
src\style.css,44,css,73b8841,maurodiaz7,2025-03-20,10:36:37,-03:00,2025-03-20T10:36:37-03:00,0,42
src\style.css,45,css,73b8841,maurodiaz7,2025-03-20,10:36:37,-03:00,2025-03-20T10:36:37-03:00,0,39
src\style.css,46,css,73b8841,maurodiaz7,2025-03-20,10:36:37,-03:00,2025-03-20T10:36:37-03:00,0,37
src\style.css,47,css,73b8841,maurodiaz7,2025-03-20,10:36:37,-03:00,2025-03-20T10:36:37-03:00,0,34
src\style.css,48,css,73b8841,maurodiaz7,2025-03-20,10:36:37,-03:00,2025-03-20T10:36:37-03:00,0,0
src\style.css,49,css,73b8841,maurodiaz7,2025-03-20,10:36:37,-03:00,2025-03-20T10:36:37-03:00,0,0
src\style.css,50,css,73b8841,maurodiaz7,2025-03-20,10:36:37,-03:00,2025-03-20T10:36:37-03:00,0,11
src\style.css,51,css,73b8841,maurodiaz7,2025-03-20,10:36:37,-03:00,2025-03-20T10:36:37-03:00,0,48
src\style.css,52,css,73b8841,maurodiaz7,2025-03-20,10:36:37,-03:00,2025-03-20T10:36:37-03:00,0,48
src\style.css,53,css,73b8841,maurodiaz7,2025-03-20,10:36:37,-03:00,2025-03-20T10:36:37-03:00,0,62
src\style.css,54,css,73b8841,maurodiaz7,2025-03-20,10:36:37,-03:00,2025-03-20T10:36:37-03:00,0,43
src\style.css,55,css,73b8841,maurodiaz7,2025-03-20,10:36:37,-03:00,2025-03-20T10:36:37-03:00,0,69
src\style.css,56,css,73b8841,maurodiaz7,2025-03-20,10:36:37,-03:00,2025-03-20T10:36:37-03:00,0,0
src\style.css,57,css,73b8841,maurodiaz7,2025-03-20,10:36:37,-03:00,2025-03-20T10:36:37-03:00,0,0
src\style.css,58,css,73b8841,maurodiaz7,2025-03-20,10:36:37,-03:00,2025-03-20T10:36:37-03:00,0,21
src\style.css,59,css,73b8841,maurodiaz7,2025-03-20,10:36:37,-03:00,2025-03-20T10:36:37-03:00,2,47
src\style.css,60,css,73b8841,maurodiaz7,2025-03-20,10:36:37,-03:00,2025-03-20T10:36:37-03:00,0,0
src\style.css,61,css,73b8841,maurodiaz7,2025-03-20,10:36:37,-03:00,2025-03-20T10:36:37-03:00,0,0
src\style.css,62,css,73b8841,maurodiaz7,2025-03-20,10:36:37,-03:00,2025-03-20T10:36:37-03:00,0,19
src\style.css,63,css,73b8841,maurodiaz7,2025-03-20,10:36:37,-03:00,2025-03-20T10:36:37-03:00,0,33
src\style.css,64,css,73b8841,maurodiaz7,2025-03-20,10:36:37,-03:00,2025-03-20T10:36:37-03:00,2,13
src\style.css,65,css,73b8841,maurodiaz7,2025-03-20,10:36:37,-03:00,2025-03-20T10:36:37-03:00,0,0
src\style.css,66,css,73b8841,maurodiaz7,2025-03-20,10:36:37,-03:00,2025-03-20T10:36:37-03:00,0,23
src\style.css,67,css,73b8841,maurodiaz7,2025-03-20,10:36:37,-03:00,2025-03-20T10:36:37-03:00,2,10
src\style.css,68,css,73b8841,maurodiaz7,2025-03-20,10:36:37,-03:00,2025-03-20T10:36:37-03:00,0,21
src\style.css,69,css,73b8841,maurodiaz7,2025-03-20,10:36:37,-03:00,2025-03-20T10:36:37-03:00,0,0
src\style.css,70,css,73b8841,maurodiaz7,2025-03-20,10:36:37,-03:00,2025-03-20T10:36:37-03:00,0,5
src\style.css,71,css,73b8841,maurodiaz7,2025-03-20,10:36:37,-03:00,2025-03-20T10:36:37-03:00,2,17
src\style.css,72,css,73b8841,maurodiaz7,2025-03-20,10:36:37,-03:00,2025-03-20T10:36:37-03:00,0,2
src\style.css,73,css,73b8841,maurodiaz7,2025-03-20,10:36:37,-03:00,2025-03-20T10:36:37-03:00,0,11
src\style.css,74,css,73b8841,maurodiaz7,2025-03-20,10:36:37,-03:00,2025-03-20T10:36:37-03:00,0,0
src\style.css,75,css,73b8841,maurodiaz7,2025-03-20,10:36:37,-03:00,2025-03-20T10:36:37-03:00,0,4
src\style.css,76,css,73b8841,maurodiaz7,2025-03-20,10:36:37,-03:00,2025-03-20T10:36:37-03:00,0,32
src\style.css,77,css,73b8841,maurodiaz7,2025-03-20,10:36:37,-03:00,2025-03-20T10:36:37-03:00,0,52
src\style.css,78,css,73b8841,maurodiaz7,2025-03-20,10:36:37,-03:00,2025-03-20T10:36:37-03:00,0,27
src\style.css,79,css,73b8841,maurodiaz7,2025-03-20,10:36:37,-03:00,2025-03-20T10:36:37-03:00,0,0
src\style.css,80,css,73b8841,maurodiaz7,2025-03-20,10:36:37,-03:00,2025-03-20T10:36:37-03:00,0,10
src\style.css,81,css,73b8841,maurodiaz7,2025-03-20,10:36:37,-03:00,2025-03-20T10:36:37-03:00,0,31
src\style.css,82,css,73b8841,maurodiaz7,2025-03-20,10:36:37,-03:00,2025-03-20T10:36:37-03:00,0,48
src\style.css,83,css,73b8841,maurodiaz7,2025-03-20,10:36:37,-03:00,2025-03-20T10:36:37-03:00,0,0
src\style.css,84,css,73b8841,maurodiaz7,2025-03-20,10:36:37,-03:00,2025-03-20T10:36:37-03:00,0,13
src\style.css,85,css,73b8841,maurodiaz7,2025-03-20,10:36:37,-03:00,2025-03-20T10:36:37-03:00,0,38
src\style.css,86,css,73b8841,maurodiaz7,2025-03-20,10:36:37,-03:00,2025-03-20T10:36:37-03:00,0,0
src\style.css,87,css,73b8841,maurodiaz7,2025-03-20,10:36:37,-03:00,2025-03-20T10:36:37-03:00,0,0
src\style.css,88,css,73b8841,maurodiaz7,2025-03-20,10:36:37,-03:00,2025-03-20T10:36:37-03:00,0,2
src\style.css,89,css,73b8841,maurodiaz7,2025-03-20,10:36:37,-03:00,2025-03-20T10:36:37-03:00,0,27
src\style.css,90,css,73b8841,maurodiaz7,2025-03-20,10:36:37,-03:00,2025-03-20T10:36:37-03:00,0,0
src\style.css,91,css,73b8841,maurodiaz7,2025-03-20,10:36:37,-03:00,2025-03-20T10:36:37-03:00,0,0
src\style.css,92,css,73b8841,maurodiaz7,2025-03-20,10:36:37,-03:00,2025-03-20T10:36:37-03:00,0,9
src\style.css,93,css,73b8841,maurodiaz7,2025-03-20,10:36:37,-03:00,2025-03-20T10:36:37-03:00,0,24
src\style.css,94,css,73b8841,maurodiaz7,2025-03-20,10:36:37,-03:00,2025-03-20T10:36:37-03:00,0,71
src\style.css,95,css,73b8841,maurodiaz7,2025-03-20,10:36:37,-03:00,2025-03-20T10:36:37-03:00,0,27
src\style.css,96,css,73b8841,maurodiaz7,2025-03-20,10:36:37,-03:00,2025-03-20T10:36:37-03:00,0,26
src\style.css,97,css,73b8841,maurodiaz7,2025-03-20,10:36:37,-03:00,2025-03-20T10:36:37-03:00,0,0
src\style.css,98,css,73b8841,maurodiaz7,2025-03-20,10:36:37,-03:00,2025-03-20T10:36:37-03:00,0,0
src\style.css,99,css,73b8841,maurodiaz7,2025-03-20,10:36:37,-03:00,2025-03-20T10:36:37-03:00,0,6
src\style.css,100,css,73b8841,maurodiaz7,2025-03-20,10:36:37,-03:00,2025-03-20T10:36:37-03:00,0,24
src\style.css,101,css,73b8841,maurodiaz7,2025-03-20,10:36:37,-03:00,2025-03-20T10:36:37-03:00,0,25
src\style.css,102,css,73b8841,maurodiaz7,2025-03-20,10:36:37,-03:00,2025-03-20T10:36:37-03:00,0,39
src\style.css,103,css,73b8841,maurodiaz7,2025-03-20,10:36:37,-03:00,2025-03-20T10:36:37-03:00,0,28
src\style.css,104,css,73b8841,maurodiaz7,2025-03-20,10:36:37,-03:00,2025-03-20T10:36:37-03:00,0,0
src\style.css,105,css,73b8841,maurodiaz7,2025-03-20,10:36:37,-03:00,2025-03-20T10:36:37-03:00,0,0
src\style.css,106,css,73b8841,maurodiaz7,2025-03-20,10:36:37,-03:00,2025-03-20T10:36:37-03:00,0,9
src\style.css,107,css,73b8841,maurodiaz7,2025-03-20,10:36:37,-03:00,2025-03-20T10:36:37-03:00,0,21
src\style.css,108,css,73b8841,maurodiaz7,2025-03-20,10:36:37,-03:00,2025-03-20T10:36:37-03:00,0,0
src\style.css,109,css,73b8841,maurodiaz7,2025-03-20,10:36:37,-03:00,2025-03-20T10:36:37-03:00,0,0
src\style.css,110,css,73b8841,maurodiaz7,2025-03-20,10:36:37,-03:00,2025-03-20T10:36:37-03:00,0,2
src\style.css,111,css,73b8841,maurodiaz7,2025-03-20,10:36:37,-03:00,2025-03-20T10:36:37-03:00,0,27
src\style.css,112,css,73b8841,maurodiaz7,2025-03-20,10:36:37,-03:00,2025-03-20T10:36:37-03:00,0,0
src\style.css,113,css,73b8841,maurodiaz7,2025-03-20,10:36:37,-03:00,2025-03-20T10:36:37-03:00,0,21
src\style.css,114,css,73b8841,maurodiaz7,2025-03-20,10:36:37,-03:00,2025-03-20T10:36:37-03:00,0,28
src\style.css,115,css,73b8841,maurodiaz7,2025-03-20,10:36:37,-03:00,2025-03-20T10:36:37-03:00,0,30
src\style.css,116,css,73b8841,maurodiaz7,2025-03-20,10:36:37,-03:00,2025-03-20T10:36:37-03:00,0,0
src\style.css,117,css,73b8841,maurodiaz7,2025-03-20,10:36:37,-03:00,2025-03-20T10:36:37-03:00,0,0
src\style.css,118,css,73b8841,maurodiaz7,2025-03-20,10:36:37,-03:00,2025-03-20T10:36:37-03:00,0,6
src\style.css,119,css,73b8841,maurodiaz7,2025-03-20,10:36:37,-03:00,2025-03-20T10:36:37-03:00,0,28
src\style.css,120,css,73b8841,maurodiaz7,2025-03-20,10:36:37,-03:00,2025-03-20T10:36:37-03:00,0,52
src\style.css,121,css,73b8841,maurodiaz7,2025-03-20,10:36:37,-03:00,2025-03-20T10:36:37-03:00,0,30
src\style.css,122,css,73b8841,maurodiaz7,2025-03-20,10:36:37,-03:00,2025-03-20T10:36:37-03:00,0,0
src\style.css,123,css,73b8841,maurodiaz7,2025-03-20,10:36:37,-03:00,2025-03-20T10:36:37-03:00,0,5
src\style.css,124,css,73b8841,maurodiaz7,2025-03-20,10:36:37,-03:00,2025-03-20T10:36:37-03:00,0,55
src\style.css,125,css,73b8841,maurodiaz7,2025-03-20,10:36:37,-03:00,2025-03-20T10:36:37-03:00,0,32
src\style.css,126,css,73b8841,maurodiaz7,2025-03-20,10:36:37,-03:00,2025-03-20T10:36:37-03:00,0,40
src\style.css,127,css,73b8841,maurodiaz7,2025-03-20,10:36:37,-03:00,2025-03-20T10:36:37-03:00,0,0
src\app.html,1,html,73b8841,maurodiaz7,2025-03-20,10:36:37,-03:00,2025-03-20T10:36:37-03:00,0,13
src\app.html,2,html,73b8841,maurodiaz7,2025-03-20,10:36:37,-03:00,2025-03-20T10:36:37-03:00,0,14
src\app.html,3,html,73b8841,maurodiaz7,2025-03-20,10:36:37,-03:00,2025-03-20T10:36:37-03:00,0,4
src\app.html,4,html,73b8841,maurodiaz7,2025-03-20,10:36:37,-03:00,2025-03-20T10:36:37-03:00,0,22
src\app.html,5,html,73b8841,maurodiaz7,2025-03-20,10:36:37,-03:00,2025-03-20T10:36:37-03:00,0,55
src\app.html,6,html,73b8841,maurodiaz7,2025-03-20,10:36:37,-03:00,2025-03-20T10:36:37-03:00,0,51
src\app.html,7,html,e82e4b19,maurodiaz7,2025-03-27,01:05:49,-03:00,2025-03-27T01:05:49-03:00,0,66
src\app.html,8,html,e3c2805f,Mauro Diaz,2025-03-25,13:55:22,-03:00,2025-03-25T13:55:22-03:00,0,71
src\app.html,9,html,e82e4b19,maurodiaz7,2025-03-27,01:05:49,-03:00,2025-03-27T01:05:49-03:00,0,6
src\app.html,10,html,e82e4b19,maurodiaz7,2025-03-27,01:05:49,-03:00,2025-03-27T01:05:49-03:00,0,34
src\app.html,11,html,e82e4b19,maurodiaz7,2025-03-27,01:05:49,-03:00,2025-03-27T01:05:49-03:00,0,57
src\app.html,12,html,e82e4b19,maurodiaz7,2025-03-27,01:05:49,-03:00,2025-03-27T01:05:49-03:00,0,50
src\app.html,13,html,e82e4b19,maurodiaz7,2025-03-27,01:05:49,-03:00,2025-03-27T01:05:49-03:00,0,7
src\app.html,14,html,73b8841,maurodiaz7,2025-03-20,10:36:37,-03:00,2025-03-20T10:36:37-03:00,0,25
src\app.html,15,html,73b8841,maurodiaz7,2025-03-20,10:36:37,-03:00,2025-03-20T10:36:37-03:00,0,14
src\app.html,16,html,73b8841,maurodiaz7,2025-03-20,10:36:37,-03:00,2025-03-20T10:36:37-03:00,0,5
src\app.html,17,html,73b8841,maurodiaz7,2025-03-20,10:36:37,-03:00,2025-03-20T10:36:37-03:00,0,40
src\app.html,18,html,73b8841,maurodiaz7,2025-03-20,10:36:37,-03:00,2025-03-20T10:36:37-03:00,0,51
src\app.html,19,html,73b8841,maurodiaz7,2025-03-20,10:36:37,-03:00,2025-03-20T10:36:37-03:00,0,5
src\app.html,20,html,73b8841,maurodiaz7,2025-03-20,10:36:37,-03:00,2025-03-20T10:36:37-03:00,0,5
src\routes\+page.svelte,1,svelte,3fc9b3a3,Mauro Diaz,2025-03-28,18:44:37,-03:00,2025-03-28T18:44:37-03:00,0,11
src\routes\+page.svelte,2,svelte,3fc9b3a3,Mauro Diaz,2025-03-28,18:44:37,-03:00,2025-03-28T18:44:37-03:00,2,20
src\routes\+page.svelte,3,svelte,3fc9b3a3,Mauro Diaz,2025-03-28,18:44:37,-03:00,2025-03-28T18:44:37-03:00,0,12
src\routes\+page.svelte,4,svelte,3fc9b3a3,Mauro Diaz,2025-03-28,18:44:37,-03:00,2025-03-28T18:44:37-03:00,0,0
src\routes\+page.svelte,5,svelte,89be2f39,maurodiaz7,2025-03-20,11:04:22,-03:00,2025-03-20T11:04:22-03:00,0,6
src\routes\+page.svelte,6,js,89be2f39,maurodiaz7,2025-03-20,11:04:22,-03:00,2025-03-20T11:04:22-03:00,2,40
src\routes\+page.svelte,7,js,89be2f39,maurodiaz7,2025-03-20,11:04:22,-03:00,2025-03-20T11:04:22-03:00,2,40
src\routes\+page.svelte,8,js,07c20ef7,Mauro Diaz,2025-04-07,15:40:39,-03:00,2025-04-07T15:40:39-03:00,0,0
src\routes\+page.svelte,9,js,07c20ef7,Mauro Diaz,2025-04-07,15:40:39,-03:00,2025-04-07T15:40:39-03:00,2,31
src\routes\+page.svelte,10,js,07c20ef7,Mauro Diaz,2025-04-07,15:40:39,-03:00,2025-04-07T15:40:39-03:00,0,0
src\routes\+page.svelte,11,js,07c20ef7,Mauro Diaz,2025-04-07,15:40:39,-03:00,2025-04-07T15:40:39-03:00,2,20
src\routes\+page.svelte,12,js,07c20ef7,Mauro Diaz,2025-04-07,15:40:39,-03:00,2025-04-07T15:40:39-03:00,2,17
src\routes\+page.svelte,13,js,07c20ef7,Mauro Diaz,2025-04-07,15:40:39,-03:00,2025-04-07T15:40:39-03:00,2,15
src\routes\+page.svelte,14,js,07c20ef7,Mauro Diaz,2025-04-07,15:40:39,-03:00,2025-04-07T15:40:39-03:00,0,0
src\routes\+page.svelte,15,js,07c20ef7,Mauro Diaz,2025-04-07,15:40:39,-03:00,2025-04-07T15:40:39-03:00,2,19
src\routes\+page.svelte,16,js,07c20ef7,Mauro Diaz,2025-04-07,15:40:39,-03:00,2025-04-07T15:40:39-03:00,4,3
src\routes\+page.svelte,17,js,07c20ef7,Mauro Diaz,2025-04-07,15:40:39,-03:00,2025-04-07T15:40:39-03:00,6,73
src\routes\+page.svelte,18,js,07c20ef7,Mauro Diaz,2025-04-07,15:40:39,-03:00,2025-04-07T15:40:39-03:00,6,33
src\routes\+page.svelte,19,js,07c20ef7,Mauro Diaz,2025-04-07,15:40:39,-03:00,2025-04-07T15:40:39-03:00,4,13
src\routes\+page.svelte,20,js,07c20ef7,Mauro Diaz,2025-04-07,15:40:39,-03:00,2025-04-07T15:40:39-03:00,6,10
src\routes\+page.svelte,21,js,07c20ef7,Mauro Diaz,2025-04-07,15:40:39,-03:00,2025-04-07T15:40:39-03:00,4,0
src\routes\+page.svelte,22,js,07c20ef7,Mauro Diaz,2025-04-07,15:40:39,-03:00,2025-04-07T15:40:39-03:00,4,14
src\routes\+page.svelte,23,js,07c20ef7,Mauro Diaz,2025-04-07,15:40:39,-03:00,2025-04-07T15:40:39-03:00,2,1
src\routes\+page.svelte,24,js,07c20ef7,Mauro Diaz,2025-04-07,15:40:39,-03:00,2025-04-07T15:40:39-03:00,0,0
src\routes\+page.svelte,25,svelte,07c20ef7,Mauro Diaz,2025-04-07,15:40:39,-03:00,2025-04-07T15:40:39-03:00,2,7
src\routes\+page.svelte,26,svelte,73b8841,maurodiaz7,2025-03-20,10:36:37,-03:00,2025-03-20T10:36:37-03:00,0,21
src\routes\+page.svelte,27,svelte,73b8841,maurodiaz7,2025-03-20,10:36:37,-03:00,2025-03-20T10:36:37-03:00,1,0
src\routes\+page.svelte,28,svelte,73b8841,maurodiaz7,2025-03-20,10:36:37,-03:00,2025-03-20T10:36:37-03:00,0,57
src\routes\+page.svelte,29,svelte,73b8841,maurodiaz7,2025-03-20,10:36:37,-03:00,2025-03-20T10:36:37-03:00,2,0
src\routes\+page.svelte,30,svelte,73b8841,maurodiaz7,2025-03-20,10:36:37,-03:00,2025-03-20T10:36:37-03:00,0,147
src\routes\+page.svelte,31,svelte,73b8841,maurodiaz7,2025-03-20,10:36:37,-03:00,2025-03-20T10:36:37-03:00,2,184
src\routes\+page.svelte,32,svelte,73b8841,maurodiaz7,2025-03-20,10:36:37,-03:00,2025-03-20T10:36:37-03:00,2,96
src\routes\+page.svelte,33,svelte,73b8841,maurodiaz7,2025-03-20,10:36:37,-03:00,2025-03-20T10:36:37-03:00,2,161
src\routes\+page.svelte,34,svelte,89be2f39,maurodiaz7,2025-03-20,11:04:22,-03:00,2025-03-20T11:04:22-03:00,0,2
src\routes\+page.svelte,35,svelte,e82e4b19,maurodiaz7,2025-03-27,01:05:49,-03:00,2025-03-27T01:05:49-03:00,0,0
src\routes\+page.svelte,36,svelte,89be2f39,maurodiaz7,2025-03-20,11:04:22,-03:00,2025-03-20T11:04:22-03:00,0,22
src\routes\+page.svelte,37,svelte,89be2f39,maurodiaz7,2025-03-20,11:04:22,-03:00,2025-03-20T11:04:22-03:00,0,20
src\routes\+page.svelte,38,svelte,89be2f39,maurodiaz7,2025-03-20,11:04:22,-03:00,2025-03-20T11:04:22-03:00,0,31
src\routes\+page.svelte,39,svelte,89be2f39,maurodiaz7,2025-03-20,11:04:22,-03:00,2025-03-20T11:04:22-03:00,2,29
src\routes\+page.svelte,40,svelte,89be2f39,maurodiaz7,2025-03-20,11:04:22,-03:00,2025-03-20T11:04:22-03:00,0,5
src\routes\+page.svelte,41,svelte,07c20ef7,Mauro Diaz,2025-04-07,15:40:39,-03:00,2025-04-07T15:40:39-03:00,0,0
src\routes\+page.svelte,42,svelte,07c20ef7,Mauro Diaz,2025-04-07,15:40:39,-03:00,2025-04-07T15:40:39-03:00,0,11
src\routes\+page.svelte,43,svelte,07c20ef7,Mauro Diaz,2025-04-07,15:40:39,-03:00,2025-04-07T15:40:39-03:00,2,15
src\routes\+page.svelte,44,svelte,07c20ef7,Mauro Diaz,2025-04-07,15:40:39,-03:00,2025-04-07T15:40:39-03:00,0,14
src\routes\+page.svelte,45,svelte,07c20ef7,Mauro Diaz,2025-04-07,15:40:39,-03:00,2025-04-07T15:40:39-03:00,2,56
src\routes\+page.svelte,46,svelte,07c20ef7,Mauro Diaz,2025-04-07,15:40:39,-03:00,2025-04-07T15:40:39-03:00,0,5
src\routes\+page.svelte,47,svelte,07c20ef7,Mauro Diaz,2025-04-07,15:40:39,-03:00,2025-04-07T15:40:39-03:00,2,7
src\routes\+page.svelte,48,svelte,07c20ef7,Mauro Diaz,2025-04-07,15:40:39,-03:00,2025-04-07T15:40:39-03:00,4,22
src\routes\+page.svelte,49,svelte,07c20ef7,Mauro Diaz,2025-04-07,15:40:39,-03:00,2025-04-07T15:40:39-03:00,4,2
src\routes\+page.svelte,50,svelte,07c20ef7,Mauro Diaz,2025-04-07,15:40:39,-03:00,2025-04-07T15:40:39-03:00,6,16
src\routes\+page.svelte,51,svelte,07c20ef7,Mauro Diaz,2025-04-07,15:40:39,-03:00,2025-04-07T15:40:39-03:00,6,29
src\routes\+page.svelte,52,svelte,07c20ef7,Mauro Diaz,2025-04-07,15:40:39,-03:00,2025-04-07T15:40:39-03:00,6,16
src\routes\+page.svelte,53,svelte,07c20ef7,Mauro Diaz,2025-04-07,15:40:39,-03:00,2025-04-07T15:40:39-03:00,6,29
src\routes\+page.svelte,54,svelte,07c20ef7,Mauro Diaz,2025-04-07,15:40:39,-03:00,2025-04-07T15:40:39-03:00,6,26
src\routes\+page.svelte,55,svelte,07c20ef7,Mauro Diaz,2025-04-07,15:40:39,-03:00,2025-04-07T15:40:39-03:00,6,32
src\routes\+page.svelte,56,svelte,07c20ef7,Mauro Diaz,2025-04-07,15:40:39,-03:00,2025-04-07T15:40:39-03:00,4,3
src\routes\+page.svelte,57,svelte,07c20ef7,Mauro Diaz,2025-04-07,15:40:39,-03:00,2025-04-07T15:40:39-03:00,2,8
src\routes\+page.svelte,58,svelte,07c20ef7,Mauro Diaz,2025-04-07,15:40:39,-03:00,2025-04-07T15:40:39-03:00,0,3
src\routes\+page.svelte,59,svelte,07c20ef7,Mauro Diaz,2025-04-07,15:40:39,-03:00,2025-04-07T15:40:39-03:00,0,0
src\routes\+page.svelte,60,svelte,07c20ef7,Mauro Diaz,2025-04-07,15:40:39,-03:00,2025-04-07T15:40:39-03:00,0,0
src\routes\+page.svelte,61,svelte,3fc9b3a3,Mauro Diaz,2025-03-28,18:44:37,-03:00,2025-03-28T18:44:37-03:00,0,4
src\routes\+layout.svelte,1,svelte,0d95605f,Mauro Diaz,2025-03-25,13:54:57,-03:00,2025-03-25T13:54:57-03:00,0,6
src\routes\+layout.svelte,2,js,e82e4b19,maurodiaz7,2025-03-27,01:05:49,-03:00,2025-03-27T01:05:49-03:00,0,20
src\routes\+layout.svelte,3,js,e82e4b19,maurodiaz7,2025-03-27,01:05:49,-03:00,2025-03-27T01:05:49-03:00,0,0
src\routes\+layout.svelte,4,js,61b134a5,Mauro Diaz,2025-03-25,15:14:35,-03:00,2025-03-25T15:14:35-03:00,0,32
src\routes\+layout.svelte,5,js,61b134a5,Mauro Diaz,2025-03-25,15:14:35,-03:00,2025-03-25T15:14:35-03:00,0,33
src\routes\+layout.svelte,6,js,e82e4b19,maurodiaz7,2025-03-27,01:05:49,-03:00,2025-03-27T01:05:49-03:00,0,0
src\routes\+layout.svelte,7,js,0d95605f,Mauro Diaz,2025-03-25,13:54:57,-03:00,2025-03-25T13:54:57-03:00,0,11
src\routes\+layout.svelte,8,js,d7db3728,Mauro Diaz,2025-03-25,15:08:38,-03:00,2025-03-25T15:08:38-03:00,1,26
src\routes\+layout.svelte,9,js,d7db3728,Mauro Diaz,2025-03-25,15:08:38,-03:00,2025-03-25T15:08:38-03:00,1,38
src\routes\+layout.svelte,10,js,d7db3728,Mauro Diaz,2025-03-25,15:08:38,-03:00,2025-03-25T15:08:38-03:00,1,36
src\routes\+layout.svelte,11,js,d7db3728,Mauro Diaz,2025-03-25,15:08:38,-03:00,2025-03-25T15:08:38-03:00,1,34
src\routes\+layout.svelte,12,js,36ca478f,Mauro Diaz,2025-04-07,14:20:40,-03:00,2025-04-07T14:20:40-03:00,1,30
src\routes\+layout.svelte,13,js,4210aedf,Mauro Diaz,2025-03-25,13:56:52,-03:00,2025-03-25T13:56:52-03:00,1,58
src\routes\+layout.svelte,14,js,0d95605f,Mauro Diaz,2025-03-25,13:54:57,-03:00,2025-03-25T13:54:57-03:00,0,0
src\routes\+layout.svelte,15,js,e82e4b19,maurodiaz7,2025-03-27,01:05:49,-03:00,2025-03-27T01:05:49-03:00,0,0
src\routes\+layout.svelte,16,js,e82e4b19,maurodiaz7,2025-03-27,01:05:49,-03:00,2025-03-27T01:05:49-03:00,0,47
src\routes\+layout.svelte,17,js,e82e4b19,maurodiaz7,2025-03-27,01:05:49,-03:00,2025-03-27T01:05:49-03:00,0,47
src\routes\+layout.svelte,18,js,e82e4b19,maurodiaz7,2025-03-27,01:05:49,-03:00,2025-03-27T01:05:49-03:00,0,0
src\routes\+layout.svelte,19,js,e82e4b19,maurodiaz7,2025-03-27,01:05:49,-03:00,2025-03-27T01:05:49-03:00,0,57
src\routes\+layout.svelte,20,js,e82e4b19,maurodiaz7,2025-03-27,01:05:49,-03:00,2025-03-27T01:05:49-03:00,0,0
src\routes\+layout.svelte,21,js,e82e4b19,maurodiaz7,2025-03-27,01:05:49,-03:00,2025-03-27T01:05:49-03:00,0,40
src\routes\+layout.svelte,22,js,e82e4b19,maurodiaz7,2025-03-27,01:05:49,-03:00,2025-03-27T01:05:49-03:00,0,54
src\routes\+layout.svelte,23,js,e82e4b19,maurodiaz7,2025-03-27,01:05:49,-03:00,2025-03-27T01:05:49-03:00,0,0
src\routes\+layout.svelte,24,js,e82e4b19,maurodiaz7,2025-03-27,01:05:49,-03:00,2025-03-27T01:05:49-03:00,0,27
src\routes\+layout.svelte,25,js,e82e4b19,maurodiaz7,2025-03-27,01:05:49,-03:00,2025-03-27T01:05:49-03:00,0,0
src\routes\+layout.svelte,26,svelte,0d95605f,Mauro Diaz,2025-03-25,13:54:57,-03:00,2025-03-25T13:54:57-03:00,0,7
src\routes\+layout.svelte,27,svelte,e82e4b19,maurodiaz7,2025-03-27,01:05:49,-03:00,2025-03-27T01:05:49-03:00,0,0
src\routes\+layout.svelte,28,svelte,0d95605f,Mauro Diaz,2025-03-25,13:54:57,-03:00,2025-03-25T13:54:57-03:00,0,3
src\routes\+layout.svelte,29,svelte,0d95605f,Mauro Diaz,2025-03-25,13:54:57,-03:00,2025-03-25T13:54:57-03:00,1,16
src\routes\+layout.svelte,30,svelte,2fc1469c,Mauro Diaz,2025-03-25,15:12:08,-03:00,2025-03-25T15:12:08-03:00,1,0
src\routes\+layout.svelte,31,svelte,2fc1469c,Mauro Diaz,2025-03-25,15:12:08,-03:00,2025-03-25T15:12:08-03:00,6,28
src\routes\+layout.svelte,32,svelte,2fc1469c,Mauro Diaz,2025-03-25,15:12:08,-03:00,2025-03-25T15:12:08-03:00,8,5
src\routes\+layout.svelte,33,svelte,61b134a5,Mauro Diaz,2025-03-25,15:14:35,-03:00,2025-03-25T15:14:35-03:00,8,18
src\routes\+layout.svelte,34,svelte,2fc1469c,Mauro Diaz,2025-03-25,15:12:08,-03:00,2025-03-25T15:12:08-03:00,6,38
src\routes\+layout.svelte,35,svelte,2fc1469c,Mauro Diaz,2025-03-25,15:12:08,-03:00,2025-03-25T15:12:08-03:00,6,54
src\routes\+layout.svelte,36,svelte,2fc1469c,Mauro Diaz,2025-03-25,15:12:08,-03:00,2025-03-25T15:12:08-03:00,4,0
src\routes\+layout.svelte,37,svelte,d7db3728,Mauro Diaz,2025-03-25,15:08:38,-03:00,2025-03-25T15:08:38-03:00,2,7
src\routes\+layout.svelte,38,svelte,d7db3728,Mauro Diaz,2025-03-25,15:08:38,-03:00,2025-03-25T15:08:38-03:00,1,2
src\routes\+layout.svelte,39,svelte,0d95605f,Mauro Diaz,2025-03-25,13:54:57,-03:00,2025-03-25T13:54:57-03:00,1,5
src\routes\+layout.svelte,40,svelte,0d95605f,Mauro Diaz,2025-03-25,13:54:57,-03:00,2025-03-25T13:54:57-03:00,0,4
src\routes\+layout.svelte,41,svelte,e82e4b19,maurodiaz7,2025-03-27,01:05:49,-03:00,2025-03-27T01:05:49-03:00,0,0
src\routes\+layout.svelte,42,svelte,e82e4b19,maurodiaz7,2025-03-27,01:05:49,-03:00,2025-03-27T01:05:49-03:00,0,26
src\routes\+layout.svelte,43,svelte,e82e4b19,maurodiaz7,2025-03-27,01:05:49,-03:00,2025-03-27T01:05:49-03:00,1,4
src\routes\+layout.svelte,44,svelte,e82e4b19,maurodiaz7,2025-03-27,01:05:49,-03:00,2025-03-27T01:05:49-03:00,1,33
src\routes\+layout.svelte,45,svelte,e82e4b19,maurodiaz7,2025-03-27,01:05:49,-03:00,2025-03-27T01:05:49-03:00,2,45
src\routes\+layout.svelte,46,svelte,e82e4b19,maurodiaz7,2025-03-27,01:05:49,-03:00,2025-03-27T01:05:49-03:00,2,36
src\routes\+layout.svelte,47,svelte,e82e4b19,maurodiaz7,2025-03-27,01:05:49,-03:00,2025-03-27T01:05:49-03:00,2,34
src\routes\+layout.svelte,48,svelte,e82e4b19,maurodiaz7,2025-03-27,01:05:49,-03:00,2025-03-27T01:05:49-03:00,0,7
src\routes\+layout.svelte,49,svelte,e82e4b19,maurodiaz7,2025-03-27,01:05:49,-03:00,2025-03-27T01:05:49-03:00,0,0
src\routes\+layout.svelte,50,svelte,e82e4b19,maurodiaz7,2025-03-27,01:05:49,-03:00,2025-03-27T01:05:49-03:00,0,6
src\routes\+layout.svelte,51,svelte,e82e4b19,maurodiaz7,2025-03-27,01:05:49,-03:00,2025-03-27T01:05:49-03:00,0,0
src\routes\+layout.svelte,52,svelte,0d95605f,Mauro Diaz,2025-03-25,13:54:57,-03:00,2025-03-25T13:54:57-03:00,0,6
src\routes\+layout.svelte,53,svelte,e82e4b19,maurodiaz7,2025-03-27,01:05:49,-03:00,2025-03-27T01:05:49-03:00,0,5
src\routes\+layout.svelte,54,css,e82e4b19,maurodiaz7,2025-03-27,01:05:49,-03:00,2025-03-27T01:05:49-03:00,0,5
src\routes\+layout.svelte,55,css,e82e4b19,maurodiaz7,2025-03-27,01:05:49,-03:00,2025-03-27T01:05:49-03:00,0,6
src\routes\+layout.svelte,56,css,e82e4b19,maurodiaz7,2025-03-27,01:05:49,-03:00,2025-03-27T01:05:49-03:00,0,31
src\routes\+layout.svelte,57,css,e82e4b19,maurodiaz7,2025-03-27,01:05:49,-03:00,2025-03-27T01:05:49-03:00,0,0
src\routes\+layout.svelte,58,css,e82e4b19,maurodiaz7,2025-03-27,01:05:49,-03:00,2025-03-27T01:05:49-03:00,0,0
src\routes\+layout.svelte,59,css,e82e4b19,maurodiaz7,2025-03-27,01:05:49,-03:00,2025-03-27T01:05:49-03:00,0,3
src\routes\+layout.svelte,60,css,e82e4b19,maurodiaz7,2025-03-27,01:05:49,-03:00,2025-03-27T01:05:49-03:00,0,39
src\routes\+layout.svelte,61,css,e82e4b19,maurodiaz7,2025-03-27,01:05:49,-03:00,2025-03-27T01:05:49-03:00,0,0
src\routes\+layout.svelte,62,css,e82e4b19,maurodiaz7,2025-03-27,01:05:49,-03:00,2025-03-27T01:05:49-03:00,0,32
src\routes\+layout.svelte,63,css,e82e4b19,maurodiaz7,2025-03-27,01:05:49,-03:00,2025-03-27T01:05:49-03:00,0,37
src\routes\+layout.svelte,64,css,e82e4b19,maurodiaz7,2025-03-27,01:05:49,-03:00,2025-03-27T01:05:49-03:00,0,42
src\routes\+layout.svelte,65,css,e82e4b19,maurodiaz7,2025-03-27,01:05:49,-03:00,2025-03-27T01:05:49-03:00,0,44
src\routes\+layout.svelte,66,css,e82e4b19,maurodiaz7,2025-03-27,01:05:49,-03:00,2025-03-27T01:05:49-03:00,0,0
src\routes\+layout.svelte,67,css,e82e4b19,maurodiaz7,2025-03-27,01:05:49,-03:00,2025-03-27T01:05:49-03:00,0,39
src\routes\+layout.svelte,68,css,e82e4b19,maurodiaz7,2025-03-27,01:05:49,-03:00,2025-03-27T01:05:49-03:00,0,0
src\routes\+layout.svelte,69,css,e82e4b19,maurodiaz7,2025-03-27,01:05:49,-03:00,2025-03-27T01:05:49-03:00,0,0
src\routes\+layout.svelte,70,css,e82e4b19,maurodiaz7,2025-03-27,01:05:49,-03:00,2025-03-27T01:05:49-03:00,0,5
src\routes\+layout.svelte,71,css,e82e4b19,maurodiaz7,2025-03-27,01:05:49,-03:00,2025-03-27T01:05:49-03:00,0,25
src\routes\+layout.svelte,72,css,e82e4b19,maurodiaz7,2025-03-27,01:05:49,-03:00,2025-03-27T01:05:49-03:00,0,39
src\routes\+layout.svelte,73,css,e82e4b19,maurodiaz7,2025-03-27,01:05:49,-03:00,2025-03-27T01:05:49-03:00,0,33
src\routes\+layout.svelte,74,css,e82e4b19,maurodiaz7,2025-03-27,01:05:49,-03:00,2025-03-27T01:05:49-03:00,0,37
src\routes\+layout.svelte,75,css,e82e4b19,maurodiaz7,2025-03-27,01:05:49,-03:00,2025-03-27T01:05:49-03:00,0,33
src\routes\+layout.svelte,76,css,e82e4b19,maurodiaz7,2025-03-27,01:05:49,-03:00,2025-03-27T01:05:49-03:00,0,0
src\routes\+layout.svelte,77,css,e82e4b19,maurodiaz7,2025-03-27,01:05:49,-03:00,2025-03-27T01:05:49-03:00,0,0
src\routes\+layout.svelte,78,css,e82e4b19,maurodiaz7,2025-03-27,01:05:49,-03:00,2025-03-27T01:05:49-03:00,0,13
src\routes\+layout.svelte,79,css,e82e4b19,maurodiaz7,2025-03-27,01:05:49,-03:00,2025-03-27T01:05:49-03:00,0,42
src\routes\+layout.svelte,80,css,e82e4b19,maurodiaz7,2025-03-27,01:05:49,-03:00,2025-03-27T01:05:49-03:00,0,42
src\routes\+layout.svelte,81,css,e82e4b19,maurodiaz7,2025-03-27,01:05:49,-03:00,2025-03-27T01:05:49-03:00,0,39
src\routes\+layout.svelte,82,css,e82e4b19,maurodiaz7,2025-03-27,01:05:49,-03:00,2025-03-27T01:05:49-03:00,0,37
src\routes\+layout.svelte,83,css,e82e4b19,maurodiaz7,2025-03-27,01:05:49,-03:00,2025-03-27T01:05:49-03:00,0,34
src\routes\+layout.svelte,84,css,e82e4b19,maurodiaz7,2025-03-27,01:05:49,-03:00,2025-03-27T01:05:49-03:00,0,0
src\routes\+layout.svelte,85,css,e82e4b19,maurodiaz7,2025-03-27,01:05:49,-03:00,2025-03-27T01:05:49-03:00,0,0
src\routes\+layout.svelte,86,css,e82e4b19,maurodiaz7,2025-03-27,01:05:49,-03:00,2025-03-27T01:05:49-03:00,0,11
src\routes\+layout.svelte,87,css,e82e4b19,maurodiaz7,2025-03-27,01:05:49,-03:00,2025-03-27T01:05:49-03:00,0,48
src\routes\+layout.svelte,88,css,e82e4b19,maurodiaz7,2025-03-27,01:05:49,-03:00,2025-03-27T01:05:49-03:00,0,48
src\routes\+layout.svelte,89,css,e82e4b19,maurodiaz7,2025-03-27,01:05:49,-03:00,2025-03-27T01:05:49-03:00,0,62
src\routes\+layout.svelte,90,css,e82e4b19,maurodiaz7,2025-03-27,01:05:49,-03:00,2025-03-27T01:05:49-03:00,0,43
src\routes\+layout.svelte,91,css,e82e4b19,maurodiaz7,2025-03-27,01:05:49,-03:00,2025-03-27T01:05:49-03:00,0,69
src\routes\+layout.svelte,92,css,e82e4b19,maurodiaz7,2025-03-27,01:05:49,-03:00,2025-03-27T01:05:49-03:00,0,0
src\routes\+layout.svelte,93,css,e82e4b19,maurodiaz7,2025-03-27,01:05:49,-03:00,2025-03-27T01:05:49-03:00,0,0
src\routes\+layout.svelte,94,css,e82e4b19,maurodiaz7,2025-03-27,01:05:49,-03:00,2025-03-27T01:05:49-03:00,0,12
src\routes\+layout.svelte,95,css,e82e4b19,maurodiaz7,2025-03-27,01:05:49,-03:00,2025-03-27T01:05:49-03:00,0,16
src\routes\+layout.svelte,96,css,e82e4b19,maurodiaz7,2025-03-27,01:05:49,-03:00,2025-03-27T01:05:49-03:00,0,8
src\routes\+layout.svelte,97,css,e82e4b19,maurodiaz7,2025-03-27,01:05:49,-03:00,2025-03-27T01:05:49-03:00,0,10
src\routes\+layout.svelte,98,css,e82e4b19,maurodiaz7,2025-03-27,01:05:49,-03:00,2025-03-27T01:05:49-03:00,0,19
src\routes\+layout.svelte,99,css,e82e4b19,maurodiaz7,2025-03-27,01:05:49,-03:00,2025-03-27T01:05:49-03:00,0,7
src\routes\+layout.svelte,100,css,e82e4b19,maurodiaz7,2025-03-27,01:05:49,-03:00,2025-03-27T01:05:49-03:00,0,0
src\routes\+layout.svelte,101,svelte,e82e4b19,maurodiaz7,2025-03-27,01:05:49,-03:00,2025-03-27T01:05:49-03:00,0,6
src\routes\resume\+page.svelte,1,svelte,5f5d5262,Mauro Diaz,2025-03-25,13:42:44,-03:00,2025-03-25T13:42:44-03:00,2,6
src\routes\resume\+page.svelte,2,js,70defbae,Mauro Diaz,2025-03-25,13:41:03,-03:00,2025-03-25T13:41:03-03:00,2,40
src\routes\resume\+page.svelte,3,js,70defbae,Mauro Diaz,2025-03-25,13:41:03,-03:00,2025-03-25T13:41:03-03:00,2,40
src\routes\resume\+page.svelte,4,svelte,5f5d5262,Mauro Diaz,2025-03-25,13:42:44,-03:00,2025-03-25T13:42:44-03:00,2,7
src\routes\resume\+page.svelte,5,svelte,5f5d5262,Mauro Diaz,2025-03-25,13:42:44,-03:00,2025-03-25T13:42:44-03:00,2,11
src\routes\resume\+page.svelte,6,svelte,5f5d5262,Mauro Diaz,2025-03-25,13:42:44,-03:00,2025-03-25T13:42:44-03:00,2,21
src\routes\resume\+page.svelte,7,svelte,5f5d5262,Mauro Diaz,2025-03-25,13:42:44,-03:00,2025-03-25T13:42:44-03:00,2,12
src\routes\resume\+page.svelte,8,svelte,5f5d5262,Mauro Diaz,2025-03-25,13:42:44,-03:00,2025-03-25T13:42:44-03:00,2,36
src\routes\resume\+page.svelte,9,svelte,5f5d5262,Mauro Diaz,2025-03-25,13:42:44,-03:00,2025-03-25T13:42:44-03:00,2,20
src\routes\resume\+page.svelte,10,svelte,5f5d5262,Mauro Diaz,2025-03-25,13:42:44,-03:00,2025-03-25T13:42:44-03:00,4,19
src\routes\resume\+page.svelte,11,svelte,5f5d5262,Mauro Diaz,2025-03-25,13:42:44,-03:00,2025-03-25T13:42:44-03:00,6,18
src\routes\resume\+page.svelte,12,svelte,5f5d5262,Mauro Diaz,2025-03-25,13:42:44,-03:00,2025-03-25T13:42:44-03:00,4,5
src\routes\resume\+page.svelte,13,svelte,5f5d5262,Mauro Diaz,2025-03-25,13:42:44,-03:00,2025-03-25T13:42:44-03:00,2,4
src\routes\projects\+page.svelte,1,svelte,89be2f39,maurodiaz7,2025-03-20,11:04:22,-03:00,2025-03-20T11:04:22-03:00,2,6
src\routes\projects\+page.svelte,2,js,0968366d,Mauro Diaz,2025-04-03,10:23:36,-03:00,2025-04-03T10:23:36-03:00,2,23
src\routes\projects\+page.svelte,3,js,0968366d,Mauro Diaz,2025-04-03,10:23:36,-03:00,2025-04-03T10:23:36-03:00,0,0
src\routes\projects\+page.svelte,4,js,89be2f39,maurodiaz7,2025-03-20,11:04:22,-03:00,2025-03-20T11:04:22-03:00,2,40
src\routes\projects\+page.svelte,5,js,89be2f39,maurodiaz7,2025-03-20,11:04:22,-03:00,2025-03-20T11:04:22-03:00,2,40
src\routes\projects\+page.svelte,6,js,0968366d,Mauro Diaz,2025-04-03,10:23:36,-03:00,2025-04-03T10:23:36-03:00,2,32
src\routes\projects\+page.svelte,7,js,0968366d,Mauro Diaz,2025-04-03,10:23:36,-03:00,2025-04-03T10:23:36-03:00,0,0
src\routes\projects\+page.svelte,8,js,0968366d,Mauro Diaz,2025-04-03,10:23:36,-03:00,2025-04-03T10:23:36-03:00,2,13
src\routes\projects\+page.svelte,9,js,0968366d,Mauro Diaz,2025-04-03,10:23:36,-03:00,2025-04-03T10:23:36-03:00,2,25
src\routes\projects\+page.svelte,10,js,0968366d,Mauro Diaz,2025-04-03,10:23:36,-03:00,2025-04-03T10:23:36-03:00,2,15
src\routes\projects\+page.svelte,11,js,0968366d,Mauro Diaz,2025-04-03,10:23:36,-03:00,2025-04-03T10:23:36-03:00,2,81
src\routes\projects\+page.svelte,12,js,0968366d,Mauro Diaz,2025-04-03,10:23:36,-03:00,2025-04-03T10:23:36-03:00,0,0
src\routes\projects\+page.svelte,13,js,0968366d,Mauro Diaz,2025-04-03,10:23:36,-03:00,2025-04-03T10:23:36-03:00,0,0
src\routes\projects\+page.svelte,14,js,0968366d,Mauro Diaz,2025-04-03,10:23:36,-03:00,2025-04-03T10:23:36-03:00,2,48
src\routes\projects\+page.svelte,15,js,0968366d,Mauro Diaz,2025-04-03,10:23:36,-03:00,2025-04-03T10:23:36-03:00,4,59
src\routes\projects\+page.svelte,16,js,0968366d,Mauro Diaz,2025-04-03,10:23:36,-03:00,2025-04-03T10:23:36-03:00,4,42
src\routes\projects\+page.svelte,17,js,0968366d,Mauro Diaz,2025-04-03,10:23:36,-03:00,2025-04-03T10:23:36-03:00,2,1
src\routes\projects\+page.svelte,18,js,0968366d,Mauro Diaz,2025-04-03,10:23:36,-03:00,2025-04-03T10:23:36-03:00,0,0
src\routes\projects\+page.svelte,19,js,0968366d,Mauro Diaz,2025-04-03,10:23:36,-03:00,2025-04-03T10:23:36-03:00,2,54
src\routes\projects\+page.svelte,20,js,0968366d,Mauro Diaz,2025-04-03,10:23:36,-03:00,2025-04-03T10:23:36-03:00,4,17
src\routes\projects\+page.svelte,21,js,0968366d,Mauro Diaz,2025-04-03,10:23:36,-03:00,2025-04-03T10:23:36-03:00,6,35
src\routes\projects\+page.svelte,22,js,0968366d,Mauro Diaz,2025-04-03,10:23:36,-03:00,2025-04-03T10:23:36-03:00,4,0
src\routes\projects\+page.svelte,23,js,0968366d,Mauro Diaz,2025-04-03,10:23:36,-03:00,2025-04-03T10:23:36-03:00,0,0
src\routes\projects\+page.svelte,24,js,0968366d,Mauro Diaz,2025-04-03,10:23:36,-03:00,2025-04-03T10:23:36-03:00,4,10
src\routes\projects\+page.svelte,25,js,0968366d,Mauro Diaz,2025-04-03,10:23:36,-03:00,2025-04-03T10:23:36-03:00,2,1
src\routes\projects\+page.svelte,26,js,0968366d,Mauro Diaz,2025-04-03,10:23:36,-03:00,2025-04-03T10:23:36-03:00,0,0
src\routes\projects\+page.svelte,27,js,0968366d,Mauro Diaz,2025-04-03,10:23:36,-03:00,2025-04-03T10:23:36-03:00,2,57
src\routes\projects\+page.svelte,28,js,0968366d,Mauro Diaz,2025-04-03,10:23:36,-03:00,2025-04-03T10:23:36-03:00,2,10
src\routes\projects\+page.svelte,29,js,0968366d,Mauro Diaz,2025-04-03,10:23:36,-03:00,2025-04-03T10:23:36-03:00,2,2
src\routes\projects\+page.svelte,30,js,0968366d,Mauro Diaz,2025-04-03,10:23:36,-03:00,2025-04-03T10:23:36-03:00,4,51
src\routes\projects\+page.svelte,31,js,0968366d,Mauro Diaz,2025-04-03,10:23:36,-03:00,2025-04-03T10:23:36-03:00,4,11
src\routes\projects\+page.svelte,32,js,0968366d,Mauro Diaz,2025-04-03,10:23:36,-03:00,2025-04-03T10:23:36-03:00,0,0
src\routes\projects\+page.svelte,33,js,0968366d,Mauro Diaz,2025-04-03,10:23:36,-03:00,2025-04-03T10:23:36-03:00,4,64
src\routes\projects\+page.svelte,34,js,0968366d,Mauro Diaz,2025-04-03,10:23:36,-03:00,2025-04-03T10:23:36-03:00,4,72
src\routes\projects\+page.svelte,35,js,0968366d,Mauro Diaz,2025-04-03,10:23:36,-03:00,2025-04-03T10:23:36-03:00,4,61
src\routes\projects\+page.svelte,36,js,0968366d,Mauro Diaz,2025-04-03,10:23:36,-03:00,2025-04-03T10:23:36-03:00,4,43
src\routes\projects\+page.svelte,37,js,0968366d,Mauro Diaz,2025-04-03,10:23:36,-03:00,2025-04-03T10:23:36-03:00,6,35
src\routes\projects\+page.svelte,38,js,0968366d,Mauro Diaz,2025-04-03,10:23:36,-03:00,2025-04-03T10:23:36-03:00,4,1
src\routes\projects\+page.svelte,39,js,0968366d,Mauro Diaz,2025-04-03,10:23:36,-03:00,2025-04-03T10:23:36-03:00,2,0
src\routes\projects\+page.svelte,40,js,0968366d,Mauro Diaz,2025-04-03,10:23:36,-03:00,2025-04-03T10:23:36-03:00,0,0
src\routes\projects\+page.svelte,41,svelte,89be2f39,maurodiaz7,2025-03-20,11:04:22,-03:00,2025-03-20T11:04:22-03:00,2,7
src\routes\projects\+page.svelte,42,svelte,73b8841,maurodiaz7,2025-03-20,10:36:37,-03:00,2025-03-20T10:36:37-03:00,2,11
src\routes\projects\+page.svelte,43,svelte,73b8841,maurodiaz7,2025-03-20,10:36:37,-03:00,2025-03-20T10:36:37-03:00,2,21
src\routes\projects\+page.svelte,44,svelte,73b8841,maurodiaz7,2025-03-20,10:36:37,-03:00,2025-03-20T10:36:37-03:00,2,12
src\routes\projects\+page.svelte,45,svelte,0968366d,Mauro Diaz,2025-04-03,10:23:36,-03:00,2025-04-03T10:23:36-03:00,2,42
src\routes\projects\+page.svelte,46,svelte,0968366d,Mauro Diaz,2025-04-03,10:23:36,-03:00,2025-04-03T10:23:36-03:00,2,0
src\routes\projects\+page.svelte,47,svelte,0968366d,Mauro Diaz,2025-04-03,10:23:36,-03:00,2025-04-03T10:23:36-03:00,2,59
src\routes\projects\+page.svelte,48,svelte,0968366d,Mauro Diaz,2025-04-03,10:23:36,-03:00,2025-04-03T10:23:36-03:00,2,0
src\routes\projects\+page.svelte,49,svelte,0968366d,Mauro Diaz,2025-04-03,10:23:36,-03:00,2025-04-03T10:23:36-03:00,2,105
src\routes\projects\+page.svelte,50,svelte,0968366d,Mauro Diaz,2025-04-03,10:23:36,-03:00,2025-04-03T10:23:36-03:00,0,0
src\routes\projects\+page.svelte,51,svelte,73b8841,maurodiaz7,2025-03-20,10:36:37,-03:00,2025-03-20T10:36:37-03:00,2,20
src\routes\projects\+page.svelte,52,svelte,0968366d,Mauro Diaz,2025-04-03,10:23:36,-03:00,2025-04-03T10:23:36-03:00,4,25
src\routes\projects\+page.svelte,53,svelte,89be2f39,maurodiaz7,2025-03-20,11:04:22,-03:00,2025-03-20T11:04:22-03:00,6,18
src\routes\projects\+page.svelte,54,svelte,89be2f39,maurodiaz7,2025-03-20,11:04:22,-03:00,2025-03-20T11:04:22-03:00,4,5
src\routes\projects\+page.svelte,55,svelte,89be2f39,maurodiaz7,2025-03-20,11:04:22,-03:00,2025-03-20T11:04:22-03:00,2,4
src\routes\meta\+page.svelte,1,svelte,396dcf26,Mauro Diaz,2025-04-07,15:14:01,-03:00,2025-04-07T15:14:01-03:00,0,6
src\routes\meta\+page.svelte,2,js,7f9c7afe,Mauro Diaz,2025-04-07,15:15:32,-03:00,2025-04-07T15:15:32-03:00,0,23
src\routes\meta\+page.svelte,3,js,396dcf26,Mauro Diaz,2025-04-07,15:14:01,-03:00,2025-04-07T15:14:01-03:00,0,31
src\routes\meta\+page.svelte,4,js,396dcf26,Mauro Diaz,2025-04-07,15:14:01,-03:00,2025-04-07T15:14:01-03:00,0,0
src\routes\meta\+page.svelte,5,js,396dcf26,Mauro Diaz,2025-04-07,15:14:01,-03:00,2025-04-07T15:14:01-03:00,0,12
src\routes\meta\+page.svelte,6,js,396dcf26,Mauro Diaz,2025-04-07,15:14:01,-03:00,2025-04-07T15:14:01-03:00,0,0
src\routes\meta\+page.svelte,7,js,396dcf26,Mauro Diaz,2025-04-07,15:14:01,-03:00,2025-04-07T15:14:01-03:00,0,19
src\routes\meta\+page.svelte,8,js,07c20ef7,Mauro Diaz,2025-04-07,15:40:39,-03:00,2025-04-07T15:40:39-03:00,0,30
src\routes\meta\+page.svelte,9,js,396dcf26,Mauro Diaz,2025-04-07,15:14:01,-03:00,2025-04-07T15:14:01-03:00,0,1
src\routes\meta\+page.svelte,10,js,396dcf26,Mauro Diaz,2025-04-07,15:14:01,-03:00,2025-04-07T15:14:01-03:00,0,0
src\routes\meta\+page.svelte,11,svelte,396dcf26,Mauro Diaz,2025-04-07,15:14:01,-03:00,2025-04-07T15:14:01-03:00,0,7
src\routes\meta\+page.svelte,12,svelte,396dcf26,Mauro Diaz,2025-04-07,15:14:01,-03:00,2025-04-07T15:14:01-03:00,0,11
src\routes\meta\+page.svelte,13,svelte,396dcf26,Mauro Diaz,2025-04-07,15:14:01,-03:00,2025-04-07T15:14:01-03:00,0,17
src\routes\meta\+page.svelte,14,svelte,396dcf26,Mauro Diaz,2025-04-07,15:14:01,-03:00,2025-04-07T15:14:01-03:00,0,12
src\routes\meta\+page.svelte,15,svelte,396dcf26,Mauro Diaz,2025-04-07,15:14:01,-03:00,2025-04-07T15:14:01-03:00,0,11
src\routes\meta\+page.svelte,16,svelte,396dcf26,Mauro Diaz,2025-04-07,15:14:01,-03:00,2025-04-07T15:14:01-03:00,0,60
src\routes\meta\+page.svelte,17,svelte,396dcf26,Mauro Diaz,2025-04-07,15:14:01,-03:00,2025-04-07T15:14:01-03:00,0,39
src\routes\contact\+page.svelte,1,svelte,30214edb,Mauro Diaz,2025-03-25,13:42:32,-03:00,2025-03-25T13:42:32-03:00,2,6
src\routes\contact\+page.svelte,2,js,e368a4df,Mauro Diaz,2025-03-25,13:40:00,-03:00,2025-03-25T13:40:00-03:00,2,40
src\routes\contact\+page.svelte,3,js,e368a4df,Mauro Diaz,2025-03-25,13:40:00,-03:00,2025-03-25T13:40:00-03:00,2,40
src\routes\contact\+page.svelte,4,svelte,30214edb,Mauro Diaz,2025-03-25,13:42:32,-03:00,2025-03-25T13:42:32-03:00,2,7
src\routes\contact\+page.svelte,5,svelte,30214edb,Mauro Diaz,2025-03-25,13:42:32,-03:00,2025-03-25T13:42:32-03:00,2,11
src\routes\contact\+page.svelte,6,svelte,30214edb,Mauro Diaz,2025-03-25,13:42:32,-03:00,2025-03-25T13:42:32-03:00,2,21
src\routes\contact\+page.svelte,7,svelte,30214edb,Mauro Diaz,2025-03-25,13:42:32,-03:00,2025-03-25T13:42:32-03:00,2,12
src\routes\contact\+page.svelte,8,svelte,30214edb,Mauro Diaz,2025-03-25,13:42:32,-03:00,2025-03-25T13:42:32-03:00,2,36
src\routes\contact\+page.svelte,9,svelte,30214edb,Mauro Diaz,2025-03-25,13:42:32,-03:00,2025-03-25T13:42:32-03:00,2,20
src\routes\contact\+page.svelte,10,svelte,30214edb,Mauro Diaz,2025-03-25,13:42:32,-03:00,2025-03-25T13:42:32-03:00,4,19
src\routes\contact\+page.svelte,11,svelte,30214edb,Mauro Diaz,2025-03-25,13:42:32,-03:00,2025-03-25T13:42:32-03:00,6,18
src\routes\contact\+page.svelte,12,svelte,30214edb,Mauro Diaz,2025-03-25,13:42:32,-03:00,2025-03-25T13:42:32-03:00,4,5
src\routes\contact\+page.svelte,13,svelte,30214edb,Mauro Diaz,2025-03-25,13:42:32,-03:00,2025-03-25T13:42:32-03:00,2,4
src\lib\Project.svelte,1,svelte,89be2f39,maurodiaz7,2025-03-20,11:04:22,-03:00,2025-03-20T11:04:22-03:00,0,6
src\lib\Project.svelte,2,js,89be2f39,maurodiaz7,2025-03-20,11:04:22,-03:00,2025-03-20T11:04:22-03:00,2,19
src\lib\Project.svelte,3,js,89be2f39,maurodiaz7,2025-03-20,11:04:22,-03:00,2025-03-20T11:04:22-03:00,2,20
src\lib\Project.svelte,4,svelte,89be2f39,maurodiaz7,2025-03-20,11:04:22,-03:00,2025-03-20T11:04:22-03:00,0,7
src\lib\Project.svelte,5,svelte,89be2f39,maurodiaz7,2025-03-20,11:04:22,-03:00,2025-03-20T11:04:22-03:00,0,0
src\lib\Project.svelte,6,svelte,89be2f39,maurodiaz7,2025-03-20,11:04:22,-03:00,2025-03-20T11:04:22-03:00,0,7
src\lib\Project.svelte,7,svelte,89be2f39,maurodiaz7,2025-03-20,11:04:22,-03:00,2025-03-20T11:04:22-03:00,2,63
src\lib\Project.svelte,8,svelte,89be2f39,maurodiaz7,2025-03-20,11:04:22,-03:00,2025-03-20T11:04:22-03:00,2,29
src\lib\Project.svelte,9,svelte,0968366d,Mauro Diaz,2025-04-03,10:23:36,-03:00,2025-04-03T10:23:36-03:00,2,3
src\lib\Project.svelte,10,svelte,0968366d,Mauro Diaz,2025-04-03,10:23:36,-03:00,2025-04-03T10:23:36-03:00,4,1
src\lib\Project.svelte,11,svelte,0968366d,Mauro Diaz,2025-04-03,10:23:36,-03:00,2025-04-03T10:23:36-03:00,6,16
src\lib\Project.svelte,12,svelte,0968366d,Mauro Diaz,2025-04-03,10:23:36,-03:00,2025-04-03T10:23:36-03:00,4,2
src\lib\Project.svelte,13,svelte,0968366d,Mauro Diaz,2025-04-03,10:23:36,-03:00,2025-04-03T10:23:36-03:00,4,14
src\lib\Project.svelte,14,svelte,0968366d,Mauro Diaz,2025-04-03,10:23:36,-03:00,2025-04-03T10:23:36-03:00,6,9
src\lib\Project.svelte,15,svelte,0968366d,Mauro Diaz,2025-04-03,10:23:36,-03:00,2025-04-03T10:23:36-03:00,4,2
src\lib\Project.svelte,16,svelte,0968366d,Mauro Diaz,2025-04-03,10:23:36,-03:00,2025-04-03T10:23:36-03:00,2,4
src\lib\Project.svelte,17,svelte,b8fe2d5f,Mauro Diaz,2025-03-28,20:42:34,-03:00,2025-03-28T20:42:34-03:00,0,8
src\lib\Project.svelte,18,svelte,b8fe2d5f,Mauro Diaz,2025-03-28,20:42:34,-03:00,2025-03-28T20:42:34-03:00,0,0
src\lib\Project.svelte,19,svelte,b8fe2d5f,Mauro Diaz,2025-03-28,20:42:34,-03:00,2025-03-28T20:42:34-03:00,0,5
src\lib\Project.svelte,20,css,b8fe2d5f,Mauro Diaz,2025-03-28,20:42:34,-03:00,2025-03-28T20:42:34-03:00,2,1
src\lib\Project.svelte,21,css,b8fe2d5f,Mauro Diaz,2025-03-28,20:42:34,-03:00,2025-03-28T20:42:34-03:00,4,15
src\lib\Project.svelte,22,css,b8fe2d5f,Mauro Diaz,2025-03-28,20:42:34,-03:00,2025-03-28T20:42:34-03:00,2,0
src\lib\Project.svelte,23,css,b8fe2d5f,Mauro Diaz,2025-03-28,20:42:34,-03:00,2025-03-28T20:42:34-03:00,2,3
src\lib\Project.svelte,24,css,b8fe2d5f,Mauro Diaz,2025-03-28,20:42:34,-03:00,2025-03-28T20:42:34-03:00,4,11
src\lib\Project.svelte,25,css,b8fe2d5f,Mauro Diaz,2025-03-28,20:42:34,-03:00,2025-03-28T20:42:34-03:00,2,0
src\lib\Project.svelte,26,css,0968366d,Mauro Diaz,2025-04-03,10:23:36,-03:00,2025-04-03T10:23:36-03:00,2,5
src\lib\Project.svelte,27,css,0968366d,Mauro Diaz,2025-04-03,10:23:36,-03:00,2025-04-03T10:23:36-03:00,4,15
src\lib\Project.svelte,28,css,0968366d,Mauro Diaz,2025-04-03,10:23:36,-03:00,2025-04-03T10:23:36-03:00,2,0
src\lib\Project.svelte,29,svelte,b8fe2d5f,Mauro Diaz,2025-03-28,20:42:34,-03:00,2025-03-28T20:42:34-03:00,0,6
src\lib\Pie.svelte,1,svelte,0968366d,Mauro Diaz,2025-04-03,10:23:36,-03:00,2025-04-03T10:23:36-03:00,0,6
src\lib\Pie.svelte,2,js,0968366d,Mauro Diaz,2025-04-03,10:23:36,-03:00,2025-04-03T10:23:36-03:00,0,23
src\lib\Pie.svelte,3,js,0968366d,Mauro Diaz,2025-04-03,10:23:36,-03:00,2025-04-03T10:23:36-03:00,0,0
src\lib\Pie.svelte,4,js,0968366d,Mauro Diaz,2025-04-03,10:23:36,-03:00,2025-04-03T10:23:36-03:00,0,19
src\lib\Pie.svelte,5,js,0968366d,Mauro Diaz,2025-04-03,10:23:36,-03:00,2025-04-03T10:23:36-03:00,0,28
src\lib\Pie.svelte,6,js,0968366d,Mauro Diaz,2025-04-03,10:23:36,-03:00,2025-04-03T10:23:36-03:00,0,0
src\lib\Pie.svelte,7,js,0968366d,Mauro Diaz,2025-04-03,10:23:36,-03:00,2025-04-03T10:23:36-03:00,0,57
src\lib\Pie.svelte,8,js,0968366d,Mauro Diaz,2025-04-03,10:23:36,-03:00,2025-04-03T10:23:36-03:00,0,0
src\lib\Pie.svelte,9,js,0968366d,Mauro Diaz,2025-04-03,10:23:36,-03:00,2025-04-03T10:23:36-03:00,0,48
src\lib\Pie.svelte,10,js,0968366d,Mauro Diaz,2025-04-03,10:23:36,-03:00,2025-04-03T10:23:36-03:00,0,0
src\lib\Pie.svelte,11,js,0968366d,Mauro Diaz,2025-04-03,10:23:36,-03:00,2025-04-03T10:23:36-03:00,0,10
src\lib\Pie.svelte,12,js,0968366d,Mauro Diaz,2025-04-03,10:23:36,-03:00,2025-04-03T10:23:36-03:00,0,7
src\lib\Pie.svelte,13,js,0968366d,Mauro Diaz,2025-04-03,10:23:36,-03:00,2025-04-03T10:23:36-03:00,0,1
src\lib\Pie.svelte,14,js,0968366d,Mauro Diaz,2025-04-03,10:23:36,-03:00,2025-04-03T10:23:36-03:00,2,29
src\lib\Pie.svelte,15,js,0968366d,Mauro Diaz,2025-04-03,10:23:36,-03:00,2025-04-03T10:23:36-03:00,2,39
src\lib\Pie.svelte,16,js,0968366d,Mauro Diaz,2025-04-03,10:23:36,-03:00,2025-04-03T10:23:36-03:00,0,0
src\lib\Pie.svelte,17,js,0968366d,Mauro Diaz,2025-04-03,10:23:36,-03:00,2025-04-03T10:23:36-03:00,0,0
src\lib\Pie.svelte,18,js,0968366d,Mauro Diaz,2025-04-03,10:23:36,-03:00,2025-04-03T10:23:36-03:00,0,0
src\lib\Pie.svelte,19,js,0968366d,Mauro Diaz,2025-04-03,10:23:36,-03:00,2025-04-03T10:23:36-03:00,0,47
src\lib\Pie.svelte,20,js,0968366d,Mauro Diaz,2025-04-03,10:23:36,-03:00,2025-04-03T10:23:36-03:00,0,0
src\lib\Pie.svelte,21,svelte,0968366d,Mauro Diaz,2025-04-03,10:23:36,-03:00,2025-04-03T10:23:36-03:00,0,7
src\lib\Pie.svelte,22,svelte,0968366d,Mauro Diaz,2025-04-03,10:23:36,-03:00,2025-04-03T10:23:36-03:00,0,0
src\lib\Pie.svelte,23,svelte,0968366d,Mauro Diaz,2025-04-03,10:23:36,-03:00,2025-04-03T10:23:36-03:00,0,21
src\lib\Pie.svelte,24,svelte,0968366d,Mauro Diaz,2025-04-03,10:23:36,-03:00,2025-04-03T10:23:36-03:00,0,0
src\lib\Pie.svelte,25,svelte,0968366d,Mauro Diaz,2025-04-03,10:23:36,-03:00,2025-04-03T10:23:36-03:00,0,29
src\lib\Pie.svelte,26,svelte,0968366d,Mauro Diaz,2025-04-03,10:23:36,-03:00,2025-04-03T10:23:36-03:00,0,24
src\lib\Pie.svelte,27,svelte,0968366d,Mauro Diaz,2025-04-03,10:23:36,-03:00,2025-04-03T10:23:36-03:00,0,34
src\lib\Pie.svelte,28,svelte,0968366d,Mauro Diaz,2025-04-03,10:23:36,-03:00,2025-04-03T10:23:36-03:00,0,38
src\lib\Pie.svelte,29,svelte,0968366d,Mauro Diaz,2025-04-03,10:23:36,-03:00,2025-04-03T10:23:36-03:00,0,69
src\lib\Pie.svelte,30,svelte,0968366d,Mauro Diaz,2025-04-03,10:23:36,-03:00,2025-04-03T10:23:36-03:00,0,5
src\lib\Pie.svelte,31,svelte,0968366d,Mauro Diaz,2025-04-03,10:23:36,-03:00,2025-04-03T10:23:36-03:00,0,0
src\lib\Pie.svelte,32,svelte,0968366d,Mauro Diaz,2025-04-03,10:23:36,-03:00,2025-04-03T10:23:36-03:00,0,4
src\lib\Pie.svelte,33,svelte,0968366d,Mauro Diaz,2025-04-03,10:23:36,-03:00,2025-04-03T10:23:36-03:00,0,17
src\lib\Pie.svelte,34,svelte,0968366d,Mauro Diaz,2025-04-03,10:23:36,-03:00,2025-04-03T10:23:36-03:00,2,22
src\lib\Pie.svelte,35,svelte,0968366d,Mauro Diaz,2025-04-03,10:23:36,-03:00,2025-04-03T10:23:36-03:00,4,37
src\lib\Pie.svelte,36,svelte,0968366d,Mauro Diaz,2025-04-03,10:23:36,-03:00,2025-04-03T10:23:36-03:00,6,26
src\lib\Pie.svelte,37,svelte,0968366d,Mauro Diaz,2025-04-03,10:23:36,-03:00,2025-04-03T10:23:36-03:00,6,28
src\lib\Pie.svelte,38,svelte,0968366d,Mauro Diaz,2025-04-03,10:23:36,-03:00,2025-04-03T10:23:36-03:00,4,3
src\lib\Pie.svelte,39,svelte,0968366d,Mauro Diaz,2025-04-03,10:23:36,-03:00,2025-04-03T10:23:36-03:00,2,5
src\lib\Pie.svelte,40,svelte,0968366d,Mauro Diaz,2025-04-03,10:23:36,-03:00,2025-04-03T10:23:36-03:00,0,3
src\lib\Pie.svelte,41,svelte,0968366d,Mauro Diaz,2025-04-03,10:23:36,-03:00,2025-04-03T10:23:36-03:00,0,0
src\lib\Pie.svelte,42,svelte,0968366d,Mauro Diaz,2025-04-03,10:23:36,-03:00,2025-04-03T10:23:36-03:00,0,4
src\lib\Pie.svelte,43,svelte,0968366d,Mauro Diaz,2025-04-03,10:23:36,-03:00,2025-04-03T10:23:36-03:00,0,0
src\lib\Pie.svelte,44,svelte,0968366d,Mauro Diaz,2025-04-03,10:23:36,-03:00,2025-04-03T10:23:36-03:00,0,5
src\lib\Pie.svelte,45,css,0968366d,Mauro Diaz,2025-04-03,10:23:36,-03:00,2025-04-03T10:23:36-03:00,0,3
src\lib\Pie.svelte,46,css,0968366d,Mauro Diaz,2025-04-03,10:23:36,-03:00,2025-04-03T10:23:36-03:00,0,14
src\lib\Pie.svelte,47,css,0968366d,Mauro Diaz,2025-04-03,10:23:36,-03:00,2025-04-03T10:23:36-03:00,0,16
src\lib\Pie.svelte,48,css,0968366d,Mauro Diaz,2025-04-03,10:23:36,-03:00,2025-04-03T10:23:36-03:00,0,0
src\lib\Pie.svelte,49,css,0968366d,Mauro Diaz,2025-04-03,10:23:36,-03:00,2025-04-03T10:23:36-03:00,2,42
src\lib\Pie.svelte,50,css,0968366d,Mauro Diaz,2025-04-03,10:23:36,-03:00,2025-04-03T10:23:36-03:00,2,16
src\lib\Pie.svelte,51,css,0968366d,Mauro Diaz,2025-04-03,10:23:36,-03:00,2025-04-03T10:23:36-03:00,0,0
src\lib\Pie.svelte,52,css,0968366d,Mauro Diaz,2025-04-03,10:23:36,-03:00,2025-04-03T10:23:36-03:00,0,0
src\lib\Pie.svelte,53,css,0968366d,Mauro Diaz,2025-04-03,10:23:36,-03:00,2025-04-03T10:23:36-03:00,0,36
src\lib\Pie.svelte,54,css,0968366d,Mauro Diaz,2025-04-03,10:23:36,-03:00,2025-04-03T10:23:36-03:00,0,11
src\lib\Pie.svelte,55,css,0968366d,Mauro Diaz,2025-04-03,10:23:36,-03:00,2025-04-03T10:23:36-03:00,0,0
src\lib\Pie.svelte,56,css,0968366d,Mauro Diaz,2025-04-03,10:23:36,-03:00,2025-04-03T10:23:36-03:00,0,0
src\lib\Pie.svelte,57,css,0968366d,Mauro Diaz,2025-04-03,10:23:36,-03:00,2025-04-03T10:23:36-03:00,0,4
src\lib\Pie.svelte,58,css,0968366d,Mauro Diaz,2025-04-03,10:23:36,-03:00,2025-04-03T10:23:36-03:00,0,16
src\lib\Pie.svelte,59,css,0968366d,Mauro Diaz,2025-04-03,10:23:36,-03:00,2025-04-03T10:23:36-03:00,0,0
src\lib\Pie.svelte,60,css,0968366d,Mauro Diaz,2025-04-03,10:23:36,-03:00,2025-04-03T10:23:36-03:00,0,0
src\lib\Pie.svelte,61,css,0968366d,Mauro Diaz,2025-04-03,10:23:36,-03:00,2025-04-03T10:23:36-03:00,0,9
src\lib\Pie.svelte,62,css,0968366d,Mauro Diaz,2025-04-03,10:23:36,-03:00,2025-04-03T10:23:36-03:00,2,12
src\lib\Pie.svelte,63,css,0968366d,Mauro Diaz,2025-04-03,10:23:36,-03:00,2025-04-03T10:23:36-03:00,2,18
src\lib\Pie.svelte,64,css,0968366d,Mauro Diaz,2025-04-03,10:23:36,-03:00,2025-04-03T10:23:36-03:00,2,9
src\lib\Pie.svelte,65,css,0968366d,Mauro Diaz,2025-04-03,10:23:36,-03:00,2025-04-03T10:23:36-03:00,0,0
src\lib\Pie.svelte,66,css,0968366d,Mauro Diaz,2025-04-03,10:23:36,-03:00,2025-04-03T10:23:36-03:00,0,0
src\lib\Pie.svelte,67,css,0968366d,Mauro Diaz,2025-04-03,10:23:36,-03:00,2025-04-03T10:23:36-03:00,0,6
src\lib\Pie.svelte,68,css,0968366d,Mauro Diaz,2025-04-03,10:23:36,-03:00,2025-04-03T10:23:36-03:00,2,12
src\lib\Pie.svelte,69,css,0968366d,Mauro Diaz,2025-04-03,10:23:36,-03:00,2025-04-03T10:23:36-03:00,2,57
src\lib\Pie.svelte,70,css,0968366d,Mauro Diaz,2025-04-03,10:23:36,-03:00,2025-04-03T10:23:36-03:00,2,22
src\lib\Pie.svelte,71,css,0968366d,Mauro Diaz,2025-04-03,10:23:36,-03:00,2025-04-03T10:23:36-03:00,2,11
src\lib\Pie.svelte,72,css,0968366d,Mauro Diaz,2025-04-03,10:23:36,-03:00,2025-04-03T10:23:36-03:00,2,10
src\lib\Pie.svelte,73,css,0968366d,Mauro Diaz,2025-04-03,10:23:36,-03:00,2025-04-03T10:23:36-03:00,2,6
src\lib\Pie.svelte,74,css,0968366d,Mauro Diaz,2025-04-03,10:23:36,-03:00,2025-04-03T10:23:36-03:00,0,0
src\lib\Pie.svelte,75,css,0968366d,Mauro Diaz,2025-04-03,10:23:36,-03:00,2025-04-03T10:23:36-03:00,0,0
src\lib\Pie.svelte,76,css,0968366d,Mauro Diaz,2025-04-03,10:23:36,-03:00,2025-04-03T10:23:36-03:00,0,9
src\lib\Pie.svelte,77,css,0968366d,Mauro Diaz,2025-04-03,10:23:36,-03:00,2025-04-03T10:23:36-03:00,2,11
src\lib\Pie.svelte,78,css,0968366d,Mauro Diaz,2025-04-03,10:23:36,-03:00,2025-04-03T10:23:36-03:00,2,18
src\lib\Pie.svelte,79,css,0968366d,Mauro Diaz,2025-04-03,10:23:36,-03:00,2025-04-03T10:23:36-03:00,2,9
src\lib\Pie.svelte,80,css,0968366d,Mauro Diaz,2025-04-03,10:23:36,-03:00,2025-04-03T10:23:36-03:00,0,0
src\lib\Pie.svelte,81,css,0968366d,Mauro Diaz,2025-04-03,10:23:36,-03:00,2025-04-03T10:23:36-03:00,0,0
src\lib\Pie.svelte,82,css,0968366d,Mauro Diaz,2025-04-03,10:23:36,-03:00,2025-04-03T10:23:36-03:00,0,6
src\lib\Pie.svelte,83,css,0968366d,Mauro Diaz,2025-04-03,10:23:36,-03:00,2025-04-03T10:23:36-03:00,2,20
src\lib\Pie.svelte,84,css,0968366d,Mauro Diaz,2025-04-03,10:23:36,-03:00,2025-04-03T10:23:36-03:00,2,29
src\lib\Pie.svelte,85,css,0968366d,Mauro Diaz,2025-04-03,10:23:36,-03:00,2025-04-03T10:23:36-03:00,2,9
src\lib\Pie.svelte,86,css,0968366d,Mauro Diaz,2025-04-03,10:23:36,-03:00,2025-04-03T10:23:36-03:00,2,10
src\lib\Pie.svelte,87,css,0968366d,Mauro Diaz,2025-04-03,10:23:36,-03:00,2025-04-03T10:23:36-03:00,0,0
src\lib\Pie.svelte,88,css,0968366d,Mauro Diaz,2025-04-03,10:23:36,-03:00,2025-04-03T10:23:36-03:00,0,0
src\lib\Pie.svelte,89,css,0968366d,Mauro Diaz,2025-04-03,10:23:36,-03:00,2025-04-03T10:23:36-03:00,0,68
src\lib\Pie.svelte,90,css,0968366d,Mauro Diaz,2025-04-03,10:23:36,-03:00,2025-04-03T10:23:36-03:00,0,38
src\lib\Pie.svelte,91,css,0968366d,Mauro Diaz,2025-04-03,10:23:36,-03:00,2025-04-03T10:23:36-03:00,1,11
src\lib\Pie.svelte,92,css,0968366d,Mauro Diaz,2025-04-03,10:23:36,-03:00,2025-04-03T10:23:36-03:00,0,0
src\lib\Pie.svelte,93,css,0968366d,Mauro Diaz,2025-04-03,10:23:36,-03:00,2025-04-03T10:23:36-03:00,0,0
src\lib\Pie.svelte,94,css,0968366d,Mauro Diaz,2025-04-03,10:23:36,-03:00,2025-04-03T10:23:36-03:00,0,9
src\lib\Pie.svelte,95,css,0968366d,Mauro Diaz,2025-04-03,10:23:36,-03:00,2025-04-03T10:23:36-03:00,0,35
src\lib\Pie.svelte,96,css,0968366d,Mauro Diaz,2025-04-03,10:23:36,-03:00,2025-04-03T10:23:36-03:00,0,0
src\lib\Pie.svelte,97,css,0968366d,Mauro Diaz,2025-04-03,10:23:36,-03:00,2025-04-03T10:23:36-03:00,0,10
src\lib\Pie.svelte,98,css,0968366d,Mauro Diaz,2025-04-03,10:23:36,-03:00,2025-04-03T10:23:36-03:00,0,28
src\lib\Pie.svelte,99,css,0968366d,Mauro Diaz,2025-04-03,10:23:36,-03:00,2025-04-03T10:23:36-03:00,0,0
src\lib\Pie.svelte,100,css,0968366d,Mauro Diaz,2025-04-03,10:23:36,-03:00,2025-04-03T10:23:36-03:00,0,0
src\lib\Pie.svelte,101,css,0968366d,Mauro Diaz,2025-04-03,10:23:36,-03:00,2025-04-03T10:23:36-03:00,0,8
src\lib\Pie.svelte,102,css,0968366d,Mauro Diaz,2025-04-03,10:23:36,-03:00,2025-04-03T10:23:36-03:00,0,18
src\lib\Pie.svelte,103,css,0968366d,Mauro Diaz,2025-04-03,10:23:36,-03:00,2025-04-03T10:23:36-03:00,0,0
src\lib\Pie.svelte,104,css,0968366d,Mauro Diaz,2025-04-03,10:23:36,-03:00,2025-04-03T10:23:36-03:00,0,0
src\lib\Pie.svelte,105,css,0968366d,Mauro Diaz,2025-04-03,10:23:36,-03:00,2025-04-03T10:23:36-03:00,0,0
src\lib\Pie.svelte,106,css,0968366d,Mauro Diaz,2025-04-03,10:23:36,-03:00,2025-04-03T10:23:36-03:00,0,35
src\lib\Pie.svelte,107,css,0968366d,Mauro Diaz,2025-04-03,10:23:36,-03:00,2025-04-03T10:23:36-03:00,0,10
src\lib\Pie.svelte,108,css,0968366d,Mauro Diaz,2025-04-03,10:23:36,-03:00,2025-04-03T10:23:36-03:00,0,0
src\lib\Pie.svelte,109,css,0968366d,Mauro Diaz,2025-04-03,10:23:36,-03:00,2025-04-03T10:23:36-03:00,0,0
src\lib\Pie.svelte,110,css,0968366d,Mauro Diaz,2025-04-03,10:23:36,-03:00,2025-04-03T10:23:36-03:00,0,10
src\lib\Pie.svelte,111,css,0968366d,Mauro Diaz,2025-04-03,10:23:36,-03:00,2025-04-03T10:23:36-03:00,0,23
src\lib\Pie.svelte,112,css,0968366d,Mauro Diaz,2025-04-03,10:23:36,-03:00,2025-04-03T10:23:36-03:00,0,0
src\lib\Pie.svelte,113,svelte,0968366d,Mauro Diaz,2025-04-03,10:23:36,-03:00,2025-04-03T10:23:36-03:00,0,6
